,airport,closeness_centrality
52,340,0.40100495458817237
64,1382,0.3936359661193277
56,507,0.3921302547735161
58,580,0.3877862016944255
307,2188,0.3852360038843293
68,3797,0.38338366033686894
50,193,0.37698889741819513
222,1555,0.37516579073874495
133,3484,0.37384650494166943
296,1701,0.37089978872491763
217,346,0.37042114659209413
66,3494,0.37018228848879775
365,1229,0.36999142368421467
622,3885,0.36738685075414534
224,1678,0.3669641351242825
258,3364,0.3669172267598284
11,2279,0.3661683205692228
267,3930,0.3654689922258897
266,3830,0.3645870017708799
410,3682,0.3632489831614955
13,3077,0.3623776625353033
377,2241,0.3617383068610129
372,1524,0.3603758273624781
411,3714,0.3598788195764967
219,1218,0.359428182437032
14,3316,0.35870950574133187
378,2985,0.35458844532947964
291,1590,0.3540635826991658
44,609,0.3536709542806971
259,3406,0.3529316937098411
306,2179,0.35228196673320294
216,302,0.3520227452712948
236,3576,0.3506466485392301
619,3304,0.3506038188520994
404,345,0.3506038188520994
134,3550,0.3506038188520994
261,3469,0.3504326046810081
292,1613,0.3502615576500473
330,4029,0.3485602264653476
238,3670,0.3483487214735604
257,2276,0.34771574378463205
322,3093,0.34674963335855735
55,502,0.34583053794483587
405,813,0.3457472253604117
237,3645,0.3452897227164848
67,3577,0.34446099423282583
311,2564,0.34380087015716104
54,478,0.34297926454082184
450,351,0.3424473234242588
62,737,0.34236563274596105
53,421,0.34232480202052923
321,2939,0.3414696008734401
90,156,0.34094232865448837
620,3370,0.3409018366914653
226,1824,0.34017462253402914
242,3941,0.3397317392522355
363,1128,0.33900950335917535
136,3877,0.3389294444376122
131,1852,0.3381309300202777
232,2170,0.33805128547192764
82,146,0.3379318889736446
137,3878,0.3378921088807696
480,1587,0.33765362486085604
223,1665,0.33658459954762404
627,3992,0.33438880066893495
329,3876,0.33392199452560933
221,1354,0.3338831528372848
290,599,0.3334952323622793
625,3988,0.3333403164489766
65,3448,0.33326291245119444
17,3361,0.3328764310497666
373,2072,0.33283783220572094
295,1638,0.33283783220572094
12,2397,0.332529363408496
327,3752,0.33222146584978446
594,2082,0.33210615121394627
218,1074,0.3318757619311062
166,1760,0.33183739479099855
472,1489,0.33183739479099855
772,3858,0.3317990365208805
342,1386,0.3312629503683944
60,644,0.3311865080122462
485,2997,0.3307667048792507
487,3953,0.3306143129396611
553,2948,0.330120007468906
61,679,0.32993028332668245
609,2983,0.32947583390061264
447,342,0.3287965022843227
443,1551,0.3285330737028886
240,3751,0.3280824625605369
309,2207,0.32767048686554084
618,3205,0.32755830936233454
125,178,0.3271103663751724
215,210,0.3258478221071788
635,4330,0.32551524891609634
310,2223,0.3251465184574238
132,3462,0.325109691351471
592,2057,0.32470514309300197
445,2176,0.3246684158966336
175,3533,0.32426496440828484
288,469,0.3238259775431112
567,893,0.32364341695141924
358,287,0.3234246157681282
364,1157,0.3233881776636027
617,3199,0.3232789125962538
313,2709,0.3230606038201618
806,1871,0.32251611965641996
615,3156,0.3224798859613681
611,3024,0.32229883953987626
312,2650,0.3221179962902186
376,2236,0.3220457158018779
315,2851,0.32197346774449104
325,3720,0.3211808733290968
230,1909,0.3211808733290968
15,3320,0.32114493901791646
264,3728,0.32107309451254334
256,2006,0.3208577537382224
396,4059,0.32060688762896655
398,248,0.3201063304273601
540,350,0.31999927145397294
127,1780,0.3197141306462617
40,16,0.3196429248265187
391,273,0.3194650489640665
601,2908,0.3194650489640665
623,3942,0.31939395403829285
314,2789,0.3193584184403802
662,3964,0.3192873709613056
409,1107,0.3192163550869815
597,2560,0.31907441806826786
505,1197,0.3189680481100275
1113,3536,0.3188617490493376
482,1657,0.31872012713103903
289,534,0.31864936333727106
1112,2359,0.31847259125065325
444,1606,0.3184019373202593
933,3339,0.3183666221098201
616,3179,0.3182254395722991
308,2206,0.3180843821966021
323,3488,0.31790823623237763
595,2194,0.31759166463179217
220,1230,0.31724065704488696
375,2177,0.3164711648227274
613,3131,0.31643627658936585
361,1084,0.3157053964960556
177,3646,0.31553187478752753
430,521,0.31553187478752753
63,1212,0.31535854372029637
340,1335,0.31480516176158563
174,1923,0.3141161594377476
496,535,0.3139100464722373
294,1636,0.31387572060602925
481,1626,0.31339594551175215
57,548,0.31329332732396176
771,3849,0.313054146029244
459,951,0.31302000708202155
603,2922,0.3129858755797773
486,3144,0.3127471633190388
606,2975,0.3127130912890443
300,1885,0.31261091972796096
621,3388,0.31254284243707947
504,1056,0.3124747947901304
533,1562,0.31220290025474634
590,1762,0.3120332063204846
624,3973,0.31199928966762364
815,3473,0.31196538038714683
476,1538,0.31189758393373224
814,3395,0.31189758393373224
379,3998,0.3117282216487986
51,337,0.31162669253524455
554,2954,0.31145762423417295
112,49,0.31145762423417295
468,1194,0.31135627128128185
813,3386,0.3111537631373591
319,2899,0.3110526078177435
1114,3570,0.31095151824744205
629,4078,0.3108168343196684
812,3383,0.3107158979153645
1456,3275,0.31068226701397744
433,1739,0.3105478161789611
596,2235,0.31048063439071255
301,1892,0.31031280702077163
614,3141,0.3101116535157884
117,100,0.30987730378302253
233,2875,0.30920968059271114
341,1353,0.3091763749399114
171,1761,0.3086112745879086
612,3043,0.30831293930635206
502,1054,0.3081805309149815
593,2064,0.3081143693583231
551,1688,0.30804823620327726
475,1529,0.3076850107130601
490,4317,0.30761906172351705
479,1569,0.3074543128686951
657,797,0.30728974038562656
368,1273,0.30728974038562656
588,1735,0.30728974038562656
463,1075,0.3072568470287024
318,2895,0.3072568470287024
477,1561,0.3070924858181382
359,344,0.30705963467502545
474,1526,0.30699395346974734
742,603,0.30689548433039
469,1208,0.30682987332358497
607,2976,0.3067970783392623
129,1836,0.30660045555886967
1096,2890,0.3065022386483863
571,1145,0.30620796511010645
457,687,0.30617530292716133
451,352,0.30617530292716133
317,2894,0.3057187629078856
456,669,0.3057187629078856
630,4091,0.3056536540242932
328,3861,0.3055885728672562
460,1064,0.30549100308026156
366,1246,0.3054584936620344
316,2874,0.30539349557848045
608,2979,0.3053285251507433
265,3731,0.3052311213251954
470,1216,0.3050689196452479
628,4057,0.3050040872321897
563,608,0.30493928236929113
1502,3382,0.304874505038995
552,1706,0.3048421266930902
448,629,0.3048421266930902
214,3747,0.3047773906288105
912,916,0.30458334729861397
442,1512,0.3045187210844619
1575,3774,0.3044864182605429
568,994,0.3042604902419056
501,1051,0.3042282421772271
1088,1767,0.3041960009476619
706,465,0.30406710433709083
926,3351,0.3040026969860345
591,2050,0.3039383169146693
453,415,0.30390613710345554
415,260,0.30387396410566775
1281,3673,0.30387396410566775
570,1132,0.3037453402055172
656,596,0.3036168251472538
542,636,0.30358471337304466
428,490,0.30352051019796317
1212,3678,0.3034242563363782
231,1953,0.30339218528085166
503,1055,0.303360121004242
626,3989,0.30319990122976
1577,3940,0.3030398506062223
172,1910,0.30291193171613945
605,2964,0.30287996886590035
473,1509,0.3028480127603015
429,492,0.3026245086918437
1272,3621,0.30249694013511835
770,3626,0.3024650647989608
569,1130,0.3024331961797638
1211,3486,0.3024013342754043
324,3520,0.3023694790837604
547,1452,0.30224212540193085
545,1206,0.3019242100496621
508,1225,0.3017972310947469
765,1177,0.3017655030426974
735,3007,0.30170206694788076
573,1472,0.30163865751808927
293,1633,0.30148025049281985
632,4118,0.3014485890508441
454,491,0.3013220097566804
488,3959,0.3012903815411082
1407,3272,0.30125875996454005
633,4130,0.30100602610550936
913,918,0.3009744641860268
589,1741,0.30075371594112926
1255,3817,0.3007222069085529
241,3793,0.3005332912723419
1254,3748,0.3004074793241379
471,1253,0.3004074793241379
130,1840,0.3002817726689128
169,73,0.30021895878486954
556,4053,0.299905283140961
598,2621,0.2998113082245809
802,1175,0.2998113082245809
1426,3125,0.29968609991043405
1283,3759,0.29959226228390956
602,2910,0.29959226228390956
455,495,0.2995297365065363
464,1080,0.2994359967600811
367,1264,0.2994359967600811
544,1200,0.29924869317578584
1251,3453,0.2989059111675661
585,1715,0.2989059111675661
2448,3566,0.2987192699492286
720,1198,0.29847077726340204
648,517,0.29847077726340204
527,1519,0.29847077726340204
550,1682,0.29840871867576024
491,5673,0.2982846788883028
531,1550,0.2982536850521756
766,1187,0.2981297740903757
431,523,0.2979441005752686
650,1053,0.29791317747193957
78,111,0.2977277735652046
565,668,0.2974809270330747
579,1646,0.2972960605843747
178,4069,0.29726527184570606
768,1220,0.2970499291050541
436,293,0.297019191322655
1547,3374,0.2968963037796998
574,1528,0.29686559778075683
543,666,0.29686559778075683
179,5810,0.2968042048332269
558,347,0.29674283727304224
528,1525,0.29662017825174514
1425,3076,0.2965895293389272
484,1742,0.29652825051055137
599,2882,0.29646699699877477
339,231,0.29625280884943106
649,552,0.29625280884943106
810,2897,0.29616110864033607
2453,4019,0.2961000066992096
521,1486,0.2958863483086422
2452,3867,0.29585585084952976
299,1779,0.2957643961815701
227,1897,0.29564254454033756
576,1610,0.295612097316389
580,1652,0.295612097316389
564,665,0.29549037110789966
600,2901,0.29542954558893963
452,353,0.29536874510620886
807,2559,0.2951864937209109
560,348,0.2951561403539473
525,1508,0.29506511769553223
762,1881,0.2950347892838049
1279,3458,0.2948529496602093
478,1563,0.2947318477196979
432,1418,0.2946713340460053
572,1226,0.29464108652660004
712,532,0.2945806101131094
809,2896,0.29439932973765515
925,1186,0.29439932973765515
303,1926,0.2943389525166261
1238,1804,0.29424843310529347
1293,2673,0.29424843310529347
1282,3717,0.29424843310529347
507,1222,0.29391700439710605
297,1754,0.2938267442872492
789,585,0.2938267442872492
659,1546,0.29367643390036197
1343,1960,0.29364639027541045
239,3697,0.293586321462835
870,2947,0.2933762740128922
578,1612,0.2933163156491046
610,2990,0.29325638178812197
548,1520,0.2932264240414892
1027,3980,0.29316652690656086
2430,3582,0.29304680601757405
1528,2372,0.2929271828698987
449,7447,0.29274793115167136
1545,3121,0.29265838753488355
1534,2305,0.2925688986792516
320,2902,0.2924496653023064
522,1501,0.2923305290703878
817,591,0.2922709973467201
225,1800,0.29218174520990814
557,338,0.29209254756712505
1555,3393,0.29209254756712505
719,1102,0.2920034043684779
121,160,0.291973702059011
631,4105,0.291973702059011
1000,5674,0.291973702059011
326,3722,0.291973702059011
1566,3372,0.29191431556413483
462,1070,0.29176595496464097
1195,4331,0.2917363009393371
1085,2940,0.2916177450921607
529,1539,0.291588121184695
575,1609,0.291588121184695
517,1359,0.2915585032952908
2472,3636,0.2915585032952908
674,1243,0.29146968571711385
923,1020,0.29144009188162634
1093,2745,0.29129221280110995
604,2942,0.29105591816488924
1550,3390,0.2908789486159442
1280,3585,0.2908789486159442
581,1685,0.2908200065797505
360,1044,0.29061389743263516
2451,3807,0.29061389743263516
930,891,0.2905256543463702
1214,1772,0.290437464832757
1935,2883,0.29037870156217876
577,1611,0.2903493288430242
374,2074,0.2903493288430242
584,1696,0.2902612463284597
1569,3379,0.2902025543364814
709,467,0.2901732172404102
1561,3035,0.2901732172404102
1567,3373,0.290055928146942
466,1165,0.2900266206872929
1565,3371,0.28988017218159334
587,1726,0.28982163418236445
128,1826,0.2897923740476666
1590,2934,0.2896461619517798
1524,4206,0.2896169372356107
1560,3034,0.289587718416277
2462,3690,0.289587718416277
1588,2927,0.289587718416277
1578,4108,0.2895585054919941
816,4357,0.2895585054919941
769,1250,0.28950009732144605
1568,3375,0.28947090207161535
586,1721,0.2894417127097043
135,3839,0.2894417127097043
636,5803,0.28938335164251816
467,1190,0.28935417993368323
582,1689,0.28935417993368323
394,897,0.28917927311526676
634,4274,0.28917927311526676
1284,3825,0.28906278599618707
395,970,0.2890045776220436
710,488,0.2890045776220436
566,772,0.28891730900273155
583,1695,0.2888300930712555
260,3456,0.2888300930712555
392,883,0.28877197836440016
1191,2912,0.28871388703904016
1956,4374,0.28859777447638624
1039,2191,0.28859777447638624
1110,1602,0.28859777447638624
1427,3136,0.2885687609271275
532,1553,0.2885397532109105
1115,6152,0.288423780641292
439,1154,0.288423780641292
1589,2933,0.288423780641292
2436,3820,0.2883368623749008
741,4315,0.2882210528107378
914,930,0.2881921149540299
1955,2937,0.2879897125456143
562,410,0.28796082112180355
356,246,0.28790305566119734
126,184,0.28787418162091444
1095,2816,0.28787418162091444
2435,3712,0.28787418162091444
1540,2264,0.2878453133716544
764,907,0.2878164509116753
736,4197,0.2877875942392358
331,4067,0.2877298982500138
2432,3611,0.28770105892975223
497,657,0.2876722253900719
734,1738,0.28761457564550474
1091,2688,0.2874705523226978
1914,2850,0.287441764965165
1111,1743,0.28735543747543674
1580,4140,0.28732667316738114
393,886,0.28732667316738114
441,1435,0.28732667316738114
795,1280,0.2872979146173694
494,304,0.2872691618236727
653,1663,0.2871829379631954
399,298,0.2870967658473832
2079,4030,0.2870967658473832
520,1458,0.2870967658473832
500,699,0.28703934649421375
1094,2771,0.2870106454296708
1939,2885,0.28695326051605896
427,286,0.2868958985449413
938,912,0.28680989857535344
899,5952,0.2867812433751761
489,4161,0.2867525939003135
1564,3369,0.2866666798104602
461,1066,0.2866666798104602
1339,4075,0.28655220774105394
1420,2219,0.28649500598284633
2431,3608,0.28643782705739324
1430,3153,0.2864092461526779
403,270,0.2864092461526779
546,1321,0.28626642714093326
2449,3644,0.286209339409925
1454,3069,0.28618080408196783
1495,2994,0.2861522744434391
2097,3931,0.2860382127495902
390,253,0.28600971153269605
1562,3239,0.28595272613490114
389,245,0.2858957634404519
1563,3308,0.2858672906027425
1421,3399,0.28581036193788084
2471,3559,0.28572501144158247
1075,3410,0.285639711905875
1574,3404,0.28555446328513107
1570,3384,0.28552605838477446
1498,3152,0.28552605838477446
1553,3389,0.2854976591348854
644,671,0.2854124952711681
262,3514,0.28535574758347126
1579,4120,0.28535574758347126
561,388,0.2852990224572247
1089,1905,0.2852423198789762
346,221,0.2852423198789762
811,2916,0.28521397704115037
699,1474,0.28515730825969976
1581,4144,0.28510066199266365
1546,3269,0.2850723472978586
2496,3745,0.2850440382266273
767,1205,0.28501573477729497
2605,3622,0.28501573477729497
927,888,0.28501573477729497
803,1180,0.28490257716547274
362,1094,0.2848460320474484
754,1403,0.2848460320474484
1549,3387,0.28478950937018926
345,220,0.28478950937018926
733,1460,0.28476125644267236
1576,3928,0.28476125644267236
763,734,0.28473300912033905
1102,1324,0.2847047674015213
1552,3376,0.2847047674015213
2629,3862,0.2847047674015213
1171,2597,0.28464830076776454
1087,7489,0.28462007584949306
1223,1957,0.28459185652807234
1533,2287,0.28456364280183777
1172,2610,0.28450723212827217
1009,1072,0.2844790351776152
1551,3368,0.2844508438154928
1189,2157,0.2844226580402435
928,999,0.28436630324372275
1351,2246,0.284338134219132
1229,1847,0.2843099707747759
2493,4356,0.28428181290899646
1924,2891,0.2841411072007659
2,5,0.2841411072007659
1572,3394,0.2840005407086314
682,4198,0.28397244409795586
357,280,0.28394435304601223
1101,1274,0.28388818761172363
678,674,0.2838601132260816
1208,1764,0.28383204439257764
407,1059,0.28380398110956473
1228,1825,0.28363571787965786
298,1759,0.2835516610631372
283,1856,0.2835236531946007
1408,3321,0.2835236531946007
1591,3380,0.2834956508584827
2081,4302,0.2834676540531441
1168,2531,0.2834676540531441
1492,2172,0.28332775293082
1190,2162,0.28329978927577354
414,4162,0.28329978927577354
747,1588,0.2832159314200432
1583,4380,0.28307627859389917
1548,3385,0.28307627859389917
722,1231,0.2830204560187476
1573,3400,0.2829925529865067
942,4119,0.28285312031357285
647,499,0.28276952664192073
981,3967,0.28274167306364634
114,87,0.28274167306364634
352,238,0.28274167306364634
1497,3081,0.28263031360202223
2476,3855,0.28257466675941495
808,2773,0.28254685155449727
721,1213,0.28249123756934724
1037,3977,0.2824356454730038
1637,2381,0.2824356454730038
2648,3711,0.28238007525254677
519,1448,0.28235229834174086
526,1515,0.28229676091091044
1941,2889,0.28207482949510004
2495,3685,0.2820194011536783
483,1737,0.28190860979592786
2437,3864,0.28185324675394124
801,1078,0.28182557338656233
118,120,0.2817425858796759
180,5852,0.28171493423713195
122,166,0.2816872880217996
787,1367,0.28157675740064136
2473,3641,0.2815491382974142
1253,3734,0.28152152461182206
1153,2960,0.28146631348716783
16,3322,0.28138353739262206
1428,3137,0.2813559561793901
2455,3454,0.28130080997080925
670,355,0.28130080997080925
1409,3341,0.28113550097376466
1448,2104,0.2810529193128501
305,1948,0.28086041731332073
1349,2005,0.28086041731332073
263,3602,0.2808329385522099
1463,3105,0.2808054651674953
1424,2234,0.28077799715759927
1414,2051,0.2807505345209446
1123,1469,0.2807230772559548
805,1476,0.2806956253610539
901,799,0.2806681788346668
1559,2384,0.2806407376752188
1554,3391,0.2806133018811357
1036,3974,0.2805584463827717
1086,1223,0.2805584463827717
1092,2715,0.2805584463827717
1432,7490,0.28053102667534574
511,1251,0.2804762033361479
524,1506,0.2803118618107556
2486,4009,0.2802844902785019
75,189,0.28020240774523014
1429,3143,0.28017505758342
549,1676,0.28009303912394
804,1455,0.2800110686705822
2429,3524,0.2800110686705822
2078,3279,0.2798472716137406
1090,2443,0.2798472716137406
406,1050,0.2798472716137406
1431,4150,0.2798199907332948
1042,2059,0.2796564170832168
1501,3098,0.2796291733991366
1500,3017,0.2796291733991366
213,3515,0.2796291733991366
535,1650,0.2795747019520929
757,503,0.2795747019520929
1043,2067,0.2795747019520929
1582,4149,0.2795202517228686
1044,2096,0.279465822699069
651,1057,0.279465822699069
1467,2134,0.2794114148683089
1483,5934,0.2793570282182129
195,144,0.27922115417725074
1571,3392,0.2791396931772963
1156,2965,0.2791396931772963
2487,4021,0.2791125500721643
2491,4292,0.2790854122452249
1491,2221,0.27892269603946535
655,373,0.27892269603946535
654,371,0.2788684994600347
1192,2992,0.27884140906762556
1587,2370,0.2787872440697492
1455,3074,0.2787601694612157
760,1005,0.2787601694612157
1496,2202,0.2787060360172966
1476,2166,0.27862487526132185
1466,2109,0.2785437617605179
1050,5702,0.2785437617605179
1499,2214,0.2785167344209332
2478,4014,0.27843568386285167
1976,3377,0.2784086774919629
1503,5942,0.2783816763594353
1558,2326,0.2783816763594353
1468,2106,0.2783546804637449
1557,2322,0.27824674921889664
1679,6386,0.27821977948455345
1642,6008,0.27821977948455345
2086,6392,0.27811195280904344
793,1214,0.27805807080714307
637,341,0.2779772869399707
2087,6393,0.2779772869399707
746,1196,0.277950369414364
1932,4304,0.27792345710129135
536,1745,0.27792345710129135
2450,3777,0.2778696481066929
1035,1122,0.27784275142214093
1249,1807,0.2777083460663833
2490,4216,0.27760091537158005
530,1545,0.277574070683893
1271,1858,0.277520396881189
173,1918,0.27749356776316103
2077,3177,0.27741311152431986
2082,6351,0.2773327019267766
302,1904,0.27727912142022193
665,2941,0.2772523389299853
72,121,0.2771185040492506
675,1517,0.27709175257670987
1196,4367,0.27709175257670987
1230,1850,0.2769580726497624
194,117,0.2769580726497624
1261,1815,0.27674445284825855
2492,4348,0.2765311623258322
1193,3971,0.2765311623258322
661,2987,0.27650452412504933
1644,6389,0.27637141006567856
2085,6390,0.27626501106276585
2084,6357,0.2761586939524858
2342,6387,0.2761321274595611
228,1902,0.2760524586403287
1169,2537,0.27591977938499834
2593,3729,0.2758402330330711
1531,2256,0.275734242549677
1584,6347,0.27562833348781807
538,4309,0.2755489550678831
798,1531,0.27544318826812564
1350,2009,0.2753903353105764
2359,6431,0.27528469022174523
493,6780,0.27520550958218004
2314,4085,0.27520550958218004
2080,4148,0.2751791261568534
2454,4099,0.27499458372697233
2494,6133,0.274968240726328
2489,4101,0.27491556986324467
2488,4063,0.27491556986324467
2475,3811,0.2748629191747714
2447,3495,0.2748366013923916
1143,1654,0.27481028864931906
2463,3863,0.27481028864931906
1215,1863,0.27475767827530756
1337,1959,0.27475767827530756
2477,4011,0.2747313806414757
115,90,0.27465251793533035
2535,3542,0.2744949282721753
2065,3155,0.2744686809085999
2124,3181,0.2744686809085999
2318,4334,0.27441620123729804
1147,6106,0.2742850898176911
1141,1514,0.27425888256660974
1262,1821,0.2742326803231239
2474,3660,0.27420648308579837
2062,6173,0.2741802908531988
2142,3174,0.27397093299056385
2064,3040,0.2739447857360314
2355,6414,0.27389250619676886
2352,6403,0.27384024660772155
304,1941,0.27368358742774
2316,4110,0.2736574949892399
107,45,0.27363140752546594
1146,1675,0.27357924751640655
559,339,0.2733968439796302
2315,4109,0.2733708061849655
2323,6345,0.2733708061849655
2329,6353,0.27334477334940843
2333,6361,0.27334477334940843
2331,6356,0.27329272254995124
2350,6400,0.2732406915699322
2055,3120,0.27321468350867484
1219,1776,0.27321468350867484
869,2945,0.2731366890229458
2334,6366,0.27300679712213594
2324,6346,0.2729808335655861
284,182,0.27292892126482243
758,628,0.2729029725177921
2366,7898,0.27287702870445263
871,2952,0.27282515587321904
1658,3999,0.2727992268525126
2439,4112,0.2727473835938937
2313,4033,0.2727473835938937
2433,3633,0.2726955600363042
638,349,0.27266965564188633
2553,3873,0.2726437561685161
2332,6360,0.2726178616147913
2347,6397,0.2726178616147913
1145,1655,0.2725919719793103
1526,2244,0.2725660872606721
759,630,0.2725660872606721
2343,6388,0.27254020745747604
1506,3135,0.27230751019278415
2349,6399,0.27228167946709714
2328,6352,0.27228167946709714
917,979,0.27220421668488737
2345,6394,0.27220421668488737
1144,1536,0.2719720925660543
2543,4034,0.27189480581056524
2358,6430,0.27189480581056524
2340,6383,0.27181756296800547
2337,6379,0.27179182510577954
1643,2430,0.27179182510577954
2458,3457,0.2717660921172257
2321,6343,0.2717660921172257
658,1309,0.27174036400095974
640,4166,0.27171464075559804
2363,6944,0.27168892237975745
2482,3676,0.2716632088720554
2606,3627,0.27163750023110983
1179,5780,0.2716117964555391
1278,1855,0.2716117964555391
2632,6962,0.27135502599188294
492,5783,0.27132937564440285
2341,6384,0.27132937564440285
1556,2308,0.2713037301457597
2319,5475,0.2713037301457597
2338,6380,0.2712780894945787
2351,6401,0.2712780894945787
2339,6381,0.2712524536894857
2356,6427,0.2712268227291068
2348,6398,0.27112434730727664
2330,6355,0.27112434730727664
1936,2884,0.27109874054988076
2562,3819,0.27091962859293417
1993,4111,0.27089406048906545
1232,1786,0.27089406048906545
1204,7453,0.27076629232545396
1187,1728,0.27074075315432344
1180,1691,0.27074075315432344
1184,1722,0.27074075315432344
2619,4113,0.27074075315432344
555,2988,0.2707152188005411
660,1658,0.27056211376587214
669,664,0.2705366130953947
234,2878,0.2704091818127308
1201,6753,0.2704091818127308
2536,3589,0.2703327806500412
2595,4008,0.2703073231888255
1595,2324,0.27020554127291135
1614,2327,0.27020554127291135
1609,2307,0.2701546790533777
2361,6434,0.2701292551234837
1535,4381,0.2701292551234837
1986,2968,0.27002760723820673
1987,2973,0.27000220721871293
2344,6391,0.27000220721871293
2380,4055,0.26997681197725143
1618,2333,0.26997681197725143
2555,3580,0.26992603582303343
2346,6395,0.26992603582303343
2558,7669,0.26987527876477413
1188,1729,0.26972312205808474
1183,1699,0.26972312205808474
1181,1693,0.26972312205808474
1202,6782,0.26972312205808474
1203,6783,0.26972312205808474
1185,1723,0.26972312205808474
1186,1724,0.26972312205808474
1182,1694,0.26972312205808474
1194,3987,0.26972312205808474
1200,5800,0.26972312205808474
1199,5799,0.26972312205808474
1198,5798,0.26972312205808474
1197,5796,0.26972312205808474
2612,3875,0.269672441276037
2613,4089,0.269672441276037
2631,4037,0.2696471080265042
1981,2972,0.2696217795361767
2009,2967,0.269571136827774
1599,6476,0.26954582260701826
2354,6413,0.26954582260701826
2353,6411,0.26954582260701826
2360,6433,0.26952051314010683
1994,4352,0.26941932278413155
708,1227,0.26941932278413155
1959,2974,0.2693940370663667
1585,2334,0.2693182083826363
1225,3544,0.26926767963809917
1218,1774,0.26919192206153403
1990,2989,0.269141440688433
745,1191,0.269141440688433
537,3956,0.269141440688433
1975,2957,0.2689649048858824
1985,2958,0.26893970438884457
1992,3769,0.26893970438884457
2056,3115,0.26886413122350483
1227,1783,0.2688389496058947
639,382,0.2687634330470166
1969,2932,0.26868795890125785
509,1236,0.268662810271634
2357,6428,0.2685622628127
2537,3613,0.2685120173004806
2126,3183,0.26843668427402395
1586,2347,0.26843668427402395
2317,4301,0.26843668427402395
2132,3937,0.2683864857355902
1613,2312,0.2683613935061834
2133,4000,0.2683363059682282
2129,3932,0.2683363059682282
2130,3933,0.2683363059682282
2005,2956,0.2682861449614111
1292,2551,0.2682861449614111
716,600,0.2682610714899194
1621,2337,0.2682610714899194
1616,2330,0.26818587918734355
1612,2311,0.26818587918734355
730,1103,0.2681357743990787
2364,6954,0.2681107290250455
2336,6368,0.26808568832933016
2322,6344,0.26808568832933016
2335,6367,0.26803562096761024
2320,6342,0.26801059429898577
2144,4135,0.2679605549796618
1978,3366,0.2679355423263453
2098,3118,0.267910534342182
1638,4189,0.267910534342182
2365,6955,0.267910534342182
2140,3939,0.267910534342182
2720,3938,0.267860532376086
2141,3173,0.267860532376086
2549,3826,0.26783553839154034
1148,5794,0.26783553839154034
2190,3919,0.2678105490709216
510,1247,0.2677855644129245
69,4167,0.2677605844162442
2327,6350,0.26773560907957633
2326,6349,0.26773560907957633
2325,6348,0.26773560907957633
2212,3898,0.26773560907957633
2362,6772,0.2676108022508053
235,2881,0.2674113531714308
2557,3806,0.2674113531714308
2203,3273,0.26736153734557916
465,1120,0.26728684839762895
2219,3929,0.26726196135401653
2209,3289,0.26726196135401653
1170,2578,0.2672370789444314
2221,3896,0.2672122011675794
2552,3561,0.2672122011675794
2083,6354,0.26711273636163574
2058,3196,0.2669885094356002
2196,3263,0.26696367791500536
2229,3305,0.26688921105924107
2230,3307,0.26688921105924107
2197,3266,0.26686439800503325
2622,4042,0.26681478573546547
2623,5726,0.26681478573546547
2226,3299,0.26681478573546547
666,498,0.26678998651753305
700,2949,0.26676519190912057
59,625,0.26674040190894316
458,738,0.2664927550777214
2545,4355,0.2664185506721865
1660,4090,0.2664185506721865
1997,6147,0.2663938250526346
2598,4038,0.2663196757229669
1235,1819,0.2662455676599701
165,70,0.2662455676599701
1957,2962,0.26609747519626753
1038,1126,0.2659495473864669
2633,7827,0.2656541846313871
2554,3564,0.2656541846313871
2620,3671,0.2656541846313871
2630,3950,0.2656541846313871
2628,3698,0.2656541846313871
516,1356,0.26555587611639725
761,1488,0.2655313103554244
701,4362,0.2655067491390378
1954,2913,0.26543309274478805
790,607,0.26535947720644704
1960,6089,0.2653349477668827
1149,1579,0.2653104228618299
1137,1502,0.26518786631024927
2484,4017,0.26518786631024927
1822,2762,0.2651633685858788
715,537,0.2649920111652638
499,691,0.2649430925735774
2610,4047,0.2648941920396953
1999,6150,0.2648453095536204
642,4322,0.26482087507538865
2446,3467,0.2647964451053632
1949,4375,0.2647475986849417
408,1063,0.2647231822320518
2218,3923,0.2646255614402266
2186,3250,0.2646255614402266
788,3986,0.2646011674909788
671,601,0.2646011674909788
703,460,0.26452801262023207
2004,6485,0.2644548981888831
1989,2981,0.2644548981888831
2000,6153,0.2644548981888831
1998,6149,0.2644548981888831
1988,2980,0.26443053569250463
823,638,0.2644061776844268
539,6493,0.2641871573807766
1991,2991,0.2641628441875702
370,1399,0.26413853546904736
1461,5954,0.263944226661346
2231,3310,0.2638956941198986
2143,3408,0.263774440814385
498,680,0.26372597068560616
1453,2171,0.2637017423006098
1995,4364,0.2635806671204901
1541,2275,0.26341134853098447
2233,4013,0.2633630117388877
2232,3407,0.2633630117388877
1996,6111,0.26331469268343616
2228,3302,0.26321810774343307
1958,2966,0.2631698418393818
711,520,0.263097476163349
2002,6160,0.2629046954517437
2499,4359,0.26288061772526217
2001,6158,0.26285654440862066
2003,6165,0.26285654440862066
826,5595,0.2626881545659502
698,743,0.2626881545659502
825,3958,0.2626160535171214
1511,2222,0.26254399203714784
867,708,0.2623280446848965
1295,2714,0.2623280446848965
723,1340,0.26228010461825085
2546,5742,0.2621603310751793
743,676,0.2620167471421394
1604,2313,0.2619928317763908
728,547,0.2619689207759549
1252,3687,0.2619450141396366
739,1270,0.26192111186624123
2180,3240,0.2618972139545746
35,9,0.2615392678762768
2018,4371,0.26151543959020934
713,533,0.26144398077622166
1046,2239,0.26144398077622166
718,675,0.26142016984901073
727,481,0.26137256100365486
2016,6151,0.261348763083141
1152,1746,0.2613011802405223
438,296,0.26127739531605115
2465,3459,0.261206066515801
1598,5999,0.26115853561478825
1441,6776,0.26111102200874536
1686,2599,0.26108727168838797
1150,1582,0.26106352568823443
1961,2923,0.26101604664382444
2019,6734,0.26099231359721203
2020,7041,0.26099231359721203
2809,4353,0.26099231359721203
1297,2848,0.2609448604492853
1155,1594,0.26075522028907505
2015,6148,0.26063683509871405
1913,2821,0.26063683509871405
2017,6154,0.26063683509871405
714,468,0.2606131709589738
824,742,0.2605895111159453
724,4313,0.2605658555684584
1045,2190,0.2605658555684584
922,1016,0.26054220431534336
1715,2555,0.2605185573554309
1947,2920,0.2605185573554309
1716,2699,0.2604949146875522
822,619,0.2604949146875522
820,612,0.2604949146875522
821,618,0.2604949146875522
1944,2914,0.2604949146875522
1049,5691,0.2604476422232227
1952,6088,0.2604003869130126
1945,2917,0.2604003869130126
1951,6086,0.2604003869130126
1294,2710,0.2603767656877846
2406,6429,0.2603531487475862
1250,1854,0.26032953609125137
2405,6412,0.26030592771761474
1505,3015,0.26030592771761474
924,1038,0.2602587238137762
645,1322,0.2601407889198965
2600,4043,0.26002296086077886
2014,6143,0.2598111391149654
1047,3975,0.25976411447440156
1963,2930,0.25971710685325167
940,915,0.25964662731272165
514,1323,0.25962314263224834
796,1289,0.25959966219970493
2602,4072,0.25959966219970493
2703,3846,0.2595527140737985
910,881,0.25948232371561536
1005,1077,0.2594354180171852
667,458,0.2594354180171852
2210,3294,0.2594119715266279
2205,3278,0.2594119715266279
1977,2935,0.259365091257083
506,1209,0.25934165747579846
1962,2926,0.2592948026144659
2199,3303,0.25922455205835254
1315,1925,0.25920114366463226
2068,3061,0.25920114366463226
2041,3063,0.2591777394981614
2013,4297,0.25910755235079774
2367,6341,0.25908416508187904
1974,2955,0.25906078203448896
2225,3298,0.25903740320748464
2224,3296,0.25901402859972367
2049,3084,0.25899065821006384
515,1352,0.2589672920373635
2200,3270,0.2589439300804815
2201,3271,0.2589439300804815
2409,3832,0.2589439300804815
2202,4141,0.2589439300804815
2198,3267,0.25892057233827687
1685,2442,0.25889721880960925
731,1276,0.2588738694933385
2195,3262,0.2588505243883252
652,1470,0.2588271834934299
382,6492,0.2587105421308822
437,295,0.2587105421308822
1048,3976,0.25868722647279535
338,209,0.25868722647279535
380,5552,0.25868722647279535
2481,3463,0.2586639150168638
1158,1679,0.2586406077619515
2561,3578,0.2586173047069229
2707,4083,0.2585707111919771
2050,3042,0.2585707111919771
2608,3653,0.2585474207297908
2609,4039,0.2585474207297908
371,1423,0.2585241344629503
797,1376,0.25850085239032217
2007,2963,0.2584775745107733
1979,2936,0.2584775745107733
2026,6123,0.2584775745107733
2021,4363,0.2584775745107733
2027,6124,0.2584775745107733
884,711,0.258454300823171
2498,4041,0.258454300823171
271,174,0.258454300823171
646,1462,0.2584310313263832
2503,3492,0.2583845049007235
664,688,0.25836124796958937
1239,1816,0.25833799522474465
350,235,0.25831474666505916
2042,3066,0.25826826209664727
1011,5671,0.2582450260856624
692,439,0.2582450260856624
696,462,0.25822179425532005
2039,3020,0.25817534313205054
679,5592,0.25817534313205054
2762,6137,0.25812890871781813
2044,3112,0.25812890871781813
2092,3100,0.25812890871781813
2036,3008,0.25812890871781813
2770,7563,0.25810569777377373
2033,2996,0.2580824910036088
2035,3001,0.2580824910036088
2043,3089,0.2580824910036088
1964,2938,0.25805928840619774
1237,1792,0.2579897056392358
348,230,0.2579665197215905
2764,6156,0.2578738177110895
2765,6161,0.2577117494112172
2010,2969,0.2577117494112172
1151,1584,0.2577117494112172
2761,6125,0.2577117494112172
2766,6162,0.2577117494112172
2760,6122,0.2577117494112172
2759,6119,0.2577117494112172
2758,6098,0.2577117494112172
2767,6163,0.2577117494112172
89,119,0.2577117494112172
2768,6164,0.2577117494112172
2769,6466,0.2577117494112172
2763,6146,0.2577117494112172
725,5591,0.257642353912767
2370,6385,0.25759611100620455
1983,6105,0.25734207144899923
1732,2526,0.25731900178773087
1626,2378,0.2572959362622927
729,597,0.2572959362622927
1276,1831,0.2571806706336473
915,974,0.25708853246235
668,645,0.257042488129501
229,1903,0.2570194721473977
750,494,0.2569504489250862
920,1004,0.25692744942196005
1493,5937,0.2569044540358129
440,1156,0.2569044540358129
921,1013,0.2568814627655394
1754,2545,0.2568354925681941
2052,3097,0.2567895388210894
1725,2612,0.2567895388210894
2094,3103,0.2567665681136182
2095,3104,0.2567665681136182
2046,3002,0.25674360151539694
2088,3080,0.25674360151539694
2093,3101,0.25674360151539694
1756,2562,0.25674360151539694
2091,3094,0.2567206390253231
2047,3009,0.2567206390253231
2051,3022,0.2567206390253231
2090,3092,0.2567206390253231
2089,3085,0.2567206390253231
1730,2538,0.2566747263652095
1745,2613,0.2565370868658627
434,5562,0.25651416129956545
1727,2548,0.2564912398304117
919,990,0.25637669390337064
918,988,0.2563537969940285
916,976,0.2563537969940285
2504,3808,0.2563080154426411
908,879,0.25628513079840515
909,880,0.25628513079840515
1755,2554,0.25628513079840515
182,172,0.25626225024034793
905,6778,0.25626225024034793
911,906,0.25623937376737527
900,794,0.2562165013783931
902,800,0.2562165013783931
904,838,0.2562165013783931
1765,2638,0.25619363307230786
907,877,0.25619363307230786
858,656,0.25619363307230786
906,804,0.25617076884802653
717,605,0.25612505264050484
1747,2633,0.25612505264050484
1731,2619,0.2561022006550801
1736,2616,0.25607935274709054
1766,4209,0.2560565089154449
1013,5665,0.2560336691590525
1723,2522,0.25601083347682285
1724,2590,0.25594235086421196
2611,4128,0.25591953146773694
2369,6359,0.25587390487984824
1774,2581,0.2558282945581228
1758,2575,0.2558282945581228
1764,2623,0.2558054954943533
2560,3726,0.25578270049386365
106,176,0.2557599095555678
1777,2569,0.2557599095555678
744,1438,0.25571433986121495
1778,2595,0.25569156110298746
1775,2586,0.25569156110298746
1263,1829,0.2556460157590076
1260,1814,0.2556460157590076
1741,2528,0.25562324917108714
1231,1785,0.25562324917108714
732,1329,0.2556004866377683
2368,7503,0.2555777281579679
892,726,0.25550947702885324
1749,6039,0.2554639965238642
1803,2602,0.2554412623424524
1753,7395,0.2553730840695852
1742,2570,0.2553730840695852
1729,2525,0.255236836647887
1802,2576,0.255236836647887
830,663,0.2552141428774018
1804,2636,0.25516876744085143
1805,4305,0.2551460857726344
2541,3857,0.25501008039642303
691,438,0.2548289652825051
868,1541,0.2548063439806602
1025,1121,0.2547611134234612
690,437,0.2547385041659689
695,453,0.2547385041659689
705,728,0.25471589892112323
512,1252,0.2546707004650996
1347,1969,0.2546481072517865
875,5593,0.2546481072517865
874,739,0.2546255180468498
873,721,0.25460293284922275
896,746,0.25444494858098904
886,718,0.25439984622371153
883,709,0.25439984622371153
702,5560,0.2543773010406007
891,724,0.25435475985309147
888,719,0.25435475985309147
663,356,0.25435475985309147
897,5594,0.25435475985309147
893,729,0.25435475985309147
877,698,0.25435475985309147
685,428,0.25435475985309147
693,446,0.25435475985309147
688,433,0.25433222266012206
689,435,0.2543096894606306
890,722,0.2543096894606306
879,703,0.2543096894606306
880,705,0.2543096894606306
872,685,0.2543096894606306
881,707,0.2543096894606306
704,455,0.2543096894606306
898,5597,0.2543096894606306
697,463,0.2543096894606306
684,417,0.2542871602535558
686,429,0.2542871602535558
687,432,0.2542871602535558
694,448,0.2542871602535558
2240,3330,0.25421959657622334
1348,1997,0.2541520687924683
1128,1459,0.254129567502624
1627,2387,0.2540845768736955
2662,5740,0.2539497005168661
2523,3840,0.2539497005168661
2525,3527,0.2539047735464076
2597,4028,0.2539047735464076
1984,7863,0.2538149672775787
1982,6103,0.2538149672775787
1126,1456,0.2537925256359096
2564,3598,0.25377008796234973
970,973,0.25363554519237763
200,173,0.25363554519237763
254,179,0.25361313526613694
110,48,0.2535907292995969
255,200,0.2535683272917083
199,108,0.25354592924142194
206,162,0.25354592924142194
270,6738,0.25354592924142194
2822,5457,0.25354592924142194
205,127,0.25354592924142194
88,30,0.25354592924142194
268,5523,0.2535235351476892
269,5545,0.2535235351476892
253,164,0.2535235351476892
2371,7508,0.2535011450094619
1266,1842,0.2535011450094619
1236,1853,0.2534563765953322
673,1203,0.2534563765953322
1240,1820,0.25338925361424236
999,5672,0.25336688718705425
1242,1794,0.25336688718705425
1244,1797,0.25336688718705425
1243,1796,0.25336688718705425
1124,1480,0.2533445247080439
1127,1464,0.25329981159037573
1264,1830,0.2531657668850007
1269,1848,0.2531657668850007
1234,1789,0.2531657668850007
1268,1846,0.2531657668850007
1257,1810,0.25314343989259525
1245,1798,0.25314343989259525
2539,3661,0.253121116837931
2544,4285,0.253121116837931
1270,1851,0.2530987977199663
1273,5837,0.2530987977199663
1274,5854,0.2530987977199663
1248,1802,0.2530987977199663
1256,1808,0.2530987977199663
1259,1813,0.2530987977199663
1241,1793,0.2530987977199663
1247,1801,0.2530987977199663
1265,1837,0.2530987977199663
1267,1845,0.2530987977199663
149,154,0.25305417128997065
1843,2705,0.25305417128997065
1118,2774,0.2529649656245825
2601,4046,0.2529649656245825
1131,1465,0.25287582282989496
1130,4190,0.25287582282989496
737,493,0.2528535469469818
1121,1450,0.2528535469469818
748,1662,0.2528535469469818
1120,1446,0.2528535469469818
1134,1475,0.2528535469469818
1135,1479,0.2528535469469818
1132,1468,0.2528535469469818
1125,1454,0.2528535469469818
2735,4194,0.2528535469469818
2737,5787,0.2528535469469818
2736,4195,0.2528535469469818
1122,1451,0.2528535469469818
2577,3609,0.2528535469469818
2732,4191,0.2528535469469818
2734,4193,0.2528535469469818
2733,4192,0.2528535469469818
2521,3652,0.2526754810688501
1450,2131,0.25265324046669635
2522,3829,0.2526087710060844
83,202,0.2525865421455595
2655,6132,0.252519879030715
185,161,0.25249766581123656
1041,1136,0.25249766581123656
513,1265,0.25247545649944036
2563,4100,0.25247545649944036
1406,2042,0.25247545649944036
2716,4257,0.25245325109429534
2710,3880,0.25245325109429534
2713,4087,0.25245325109429534
2712,4020,0.25245325109429534
2520,3498,0.25245325109429534
2423,3442,0.25245325109429534
1410,3359,0.25245325109429534
2634,3691,0.2524088519998362
2709,3872,0.2524088519998362
2714,4103,0.2524088519998362
2711,3948,0.2524088519998362
2684,3805,0.2524088519998362
2718,5772,0.2524088519998362
2715,4127,0.2524088519998362
2719,7122,0.2524088519998362
2717,4263,0.2524088519998362
2550,3558,0.2524088519998362
2644,4007,0.2523866583084619
155,62,0.2523422826322758
170,1441,0.2522757483689697
1434,2089,0.2522314116820859
156,5496,0.25220924918215776
80,28,0.25218709057653643
1435,2090,0.25218709057653643
167,153,0.2521649358641955
1439,2066,0.2521649358641955
786,5577,0.2521427850441091
1440,2075,0.2520763559271219
1437,2061,0.25203208929160925
243,5514,0.25194360264567167
541,582,0.2517889004335208
1154,5806,0.25170058443898086
1298,2868,0.25165644967053635
1443,2069,0.25163438808995686
1445,2084,0.25161233037711583
1433,2086,0.25161233037711583
1446,2081,0.25156822655058175
1444,2076,0.25156822655058175
1458,5925,0.25156822655058175
1457,5924,0.25154618043485566
1438,2062,0.25154618043485566
1442,2068,0.25154618043485566
1405,2030,0.2515241381828021
1010,1534,0.2513699505159942
2246,3355,0.2513479391367896
1494,2237,0.2513479391367896
1517,2227,0.25130392794100315
1006,5670,0.2512819281223967
1512,5939,0.2512819281223967
2249,4319,0.25117198678177616
791,733,0.2511500100570599
1452,2167,0.251062141602566
1449,2123,0.2509743346106617
2241,3332,0.25088658901688116
1459,5933,0.25086466220434694
1451,2164,0.25086466220434694
2244,3345,0.2507550856068959
2235,3319,0.25064560469281677
2250,4320,0.2506237199809777
2242,3336,0.25057996202026517
2239,3329,0.2505362193368367
2243,3337,0.2505362193368367
1713,2513,0.2505362193368367
1699,2471,0.2505143537216039
1700,2474,0.25049249192269285
2247,3356,0.2504487797698401
2251,6242,0.2504487797698401
2237,3326,0.2504487797698401
495,441,0.25033956610344826
523,1505,0.2503177347991748
677,364,0.2502522637264287
2254,6308,0.2502086353680385
1012,1330,0.2500124958576899
124,175,0.24994718433839586
1162,1629,0.24986015537448972
1161,1628,0.24981666361550373
1016,1106,0.24975145435849105
1165,1634,0.24975145435849105
1159,1617,0.24972972550392708
1460,5936,0.24964284788155655
1108,4264,0.24959943173409893
2256,4010,0.24959943173409893
1109,5638,0.24959943173409893
1167,1637,0.2494909574047925
2272,3333,0.24940424580260123
2280,6294,0.2493825773190389
2440,4265,0.2493825773190389
2278,6271,0.2493825773190389
2273,3363,0.2493825773190389
818,604,0.2493825773190389
2277,4291,0.2493609126003073
2268,3325,0.2493609126003073
2428,3517,0.2493609126003073
2441,4278,0.24933925164542542
1296,2749,0.24931759445341245
1720,2495,0.24929594102328798
2442,5749,0.24929594102328798
2285,6241,0.24929594102328798
2445,6456,0.24925264544478445
2443,5767,0.24925264544478445
2434,3701,0.24925264544478445
2438,4026,0.24925264544478445
2444,5770,0.24925264544478445
1447,2095,0.24910122927554784
828,635,0.2490796134104597
2311,6794,0.2490796134104597
2307,6307,0.24905800129649783
369,1320,0.24905800129649783
2308,6317,0.24905800129649783
2312,6808,0.24905800129649783
2306,6302,0.24905800129649783
2302,6249,0.24905800129649783
2299,3358,0.24905800129649783
2309,6320,0.2490363929326859
2310,6793,0.2490363929326859
2305,6287,0.2490363929326859
2304,6261,0.2490363929326859
1412,2031,0.2490363929326859
2301,4052,0.2490363929326859
2303,6252,0.2490363929326859
1100,1278,0.24901478831804788
1436,2060,0.24901478831804788
1650,2404,0.2489499969594222
1099,1279,0.2489499969594222
1655,2433,0.24890682144832965
1648,2400,0.24890682144832965
2551,3560,0.24890682144832965
1654,2429,0.24890682144832965
1676,6024,0.24888523930825782
1668,6011,0.24888523930825782
2245,3349,0.24888523930825782
1651,2422,0.24888523930825782
1649,2401,0.24888523930825782
1669,6016,0.24888523930825782
1652,2423,0.24888523930825782
1659,4002,0.24888523930825782
1662,4200,0.24888523930825782
1653,2425,0.24888523930825782
1666,4204,0.24888523930825782
1665,4203,0.24888523930825782
1663,4201,0.24888523930825782
1661,4199,0.2488636609105373
1673,6021,0.24884208625419485
1672,6020,0.24884208625419485
1681,6745,0.24884208625419485
1677,6025,0.24884208625419485
1670,6018,0.24884208625419485
1664,4202,0.24884208625419485
1667,5988,0.24884208625419485
1647,2399,0.24884208625419485
1657,3994,0.24884208625419485
1674,6022,0.24884208625419485
1682,6791,0.24884208625419485
1680,6733,0.24884208625419485
1678,6026,0.24884208625419485
1656,2435,0.24884208625419485
1671,6019,0.24884208625419485
1675,6023,0.24884208625419485
829,641,0.24871271683061585
1462,2093,0.24866962357637853
832,632,0.2485619557449028
1103,1285,0.24851891471360502
848,647,0.24851891471360502
833,649,0.24849739978721647
1007,1065,0.24847588858571135
1008,1068,0.24847588858571135
2708,4287,0.24843287735348255
852,5586,0.24838988100918463
851,4389,0.24834689954508893
849,651,0.24834689954508893
859,658,0.24832541439070316
840,640,0.24832541439070316
1970,3200,0.24830393295347214
1098,1262,0.24813221515751535
1117,1416,0.24813221515751535
861,4345,0.24813221515751535
862,5585,0.24813221515751535
1116,1412,0.24813221515751535
1106,1344,0.24813221515751535
1104,1313,0.24813221515751535
1105,1339,0.24813221515751535
860,660,0.2480893228126307
857,655,0.2480893228126307
856,642,0.2480893228126307
2040,3023,0.24791790161877159
2045,6761,0.24787508332833655
2037,3010,0.24785367972905084
2038,3019,0.24785367972905084
2034,2999,0.24785367972905084
1829,2657,0.24785367972905084
683,416,0.24776810228244608
1821,2651,0.24761848386319338
2540,3771,0.24738373394313004
2145,4153,0.24738373394313004
2147,6194,0.24738373394313004
2146,6187,0.24738373394313004
2149,4154,0.247362415110491
2154,6193,0.247362415110491
2155,6195,0.247362415110491
2148,4082,0.247362415110491
2542,3946,0.24727717651121103
183,79,0.2469793034711872
2057,3116,0.24683063590524873
794,1268,0.2468094122908115
643,5559,0.2467457633406806
641,4208,0.2467457633406806
1507,5951,0.24663975467796337
707,514,0.2465338370645141
2427,3743,0.24651266445741477
1330,1956,0.24649149548665844
2614,3659,0.24642801038308187
2669,7067,0.24640685594833353
2501,5761,0.24640685594833353
2658,4296,0.24640685594833353
2663,5746,0.24638570514524785
2502,7068,0.24638570514524785
2671,7074,0.24638570514524785
2616,7066,0.24638570514524785
2518,3497,0.2463645579728897
2519,5733,0.2463645579728897
2615,7064,0.2463645579728897
2914,7001,0.2463434144303242
2665,5769,0.2463434144303242
2666,6129,0.2463434144303242
2657,4084,0.2463434144303242
2667,6881,0.2463434144303242
2670,7073,0.2463434144303242
2660,4341,0.2463434144303242
2661,5723,0.2463434144303242
2664,5748,0.2463434144303242
2659,4338,0.2463434144303242
2656,3804,0.2463434144303242
2668,7014,0.2463434144303242
2672,7076,0.2463434144303242
119,122,0.24632227451661698
1866,2746,0.24619551118810684
1519,5945,0.24617439665026908
1518,2215,0.24613217843784407
2157,4168,0.24611107476139393
1919,2844,0.24608997470354405
2156,4155,0.24608997470354405
2158,6188,0.24604778543992267
2159,6190,0.24604778543992267
181,78,0.2459213043987438
193,98,0.24579495332609502
1521,5940,0.24579495332609502
186,85,0.24579495332609502
752,522,0.2456056699702351
355,244,0.24537471917781992
1489,6759,0.24531180796018612
351,237,0.24526988506725947
349,234,0.24520702758774454
1026,1173,0.2451442023180577
354,243,0.24512326771495624
344,216,0.2451023366870581
343,211,0.2451023366870581
347,227,0.24508140923344754
353,242,0.24508140923344754
381,5553,0.24508140923344754
1510,2203,0.2449559195205784
18,4074,0.2449350170613651
1058,5694,0.24491411816912437
1059,7976,0.24489322284294324
2479,4124,0.24478879967099929
2538,3630,0.24472618850218583
1513,2204,0.24470532522950875
1514,5949,0.24470532522950875
1352,2252,0.24468446551377868
2480,7078,0.24466360935408604
1001,7933,0.2444968879848499
1927,2903,0.24424723153013425
1107,1350,0.2442056716813117
1321,1935,0.24418489706015634
2547,5747,0.24418489706015634
1688,2452,0.2441433584198467
446,5804,0.24412259439888906
1529,2249,0.24412259439888906
2236,3324,0.24393587702406203
932,917,0.24383226851360326
1848,2729,0.24383226851360326
931,894,0.24383226851360326
1820,2649,0.24383226851360326
176,3617,0.24383226851360326
1066,5696,0.24374944505283097
435,290,0.24372874797844424
1818,2641,0.2437080544185887
2152,6191,0.24368736437236926
1067,1162,0.24368736437236926
1870,2753,0.24368736437236926
1064,1152,0.24368736437236926
1068,5697,0.24368736437236926
1070,5805,0.24368736437236926
1069,5699,0.24368736437236926
1846,2708,0.2436459948172598
1857,2728,0.24362531530658102
2151,4158,0.24362531530658102
2153,6192,0.24362531530658102
1844,2706,0.24362531530658102
2150,4157,0.24362531530658102
1872,2756,0.24360463930596093
1863,2739,0.2435839668145059
1763,2618,0.2435839668145059
1865,2742,0.2435839668145059
1853,2717,0.24356329783132266
1858,2731,0.24356329783132266
1856,2724,0.24356329783132266
1869,2750,0.2435426323555182
1862,2738,0.2435426323555182
1873,6054,0.2435426323555182
1847,2713,0.2435426323555182
1859,2732,0.2435426323555182
1850,2752,0.2435426323555182
1861,2734,0.2435426323555182
1849,2751,0.24352197038619985
1851,7355,0.24352197038619985
1868,2748,0.24352197038619985
1874,6055,0.2435013119224752
1860,2733,0.2435013119224752
1864,2741,0.2435013119224752
1867,2747,0.2435013119224752
1852,2712,0.2435013119224752
1854,2718,0.2435013119224752
1875,7359,0.2435013119224752
1871,2755,0.2435013119224752
1855,2719,0.2435013119224752
1819,2645,0.24337743470765963
978,985,0.24333617030706492
1827,4312,0.2433155433535761
534,1567,0.24321246101865257
2118,4235,0.24321246101865257
2119,6183,0.2431918550319527
2121,6185,0.2431918550319527
2120,6184,0.24317125253660943
975,984,0.24317125253660943
2053,6169,0.2431506535317355
1390,5908,0.243130058016444
2884,7562,0.24310946598984817
2054,7561,0.24310946598984817
1825,2665,0.2430888774510618
800,2647,0.24306829239919872
1828,2656,0.24302713275269983
1826,2662,0.24302713275269983
1830,2664,0.24302713275269983
1915,2856,0.24302713275269983
1925,2893,0.24298598704326907
1920,2852,0.24298598704326907
1831,6042,0.24298598704326907
1344,1963,0.24294485526382884
1523,5953,0.24292429459564469
1355,4076,0.24290373740730622
1916,2822,0.24288318369793005
1921,2861,0.24288318369793005
1922,6072,0.24288318369793005
1917,2824,0.24288318369793005
1312,1912,0.2426983567212427
1309,1898,0.2426983567212427
2255,7128,0.24267783775297072
1769,7125,0.24259579656373714
1053,1183,0.24255479676712333
1934,6460,0.24251381082647328
1815,2812,0.24251381082647328
2457,3705,0.24251381082647328
34,8,0.24245235788006905
2407,3415,0.24243188048497782
1313,1913,0.24243188048497782
1314,1914,0.24243188048497782
1311,1908,0.24243188048497782
1310,1899,0.24243188048497782
2649,6883,0.24243188048497782
2650,7086,0.24243188048497782
2645,3796,0.24241140654861393
2253,6300,0.24241140654861393
2248,3362,0.24241140654861393
2646,3851,0.24241140654861393
2252,6269,0.24241140654861393
2238,3328,0.24241140654861393
1923,2877,0.24239093607010112
1357,1970,0.2423704690485635
2276,3346,0.24235000548312544
1034,5687,0.24235000548312544
1056,1144,0.24232954537291157
1353,1961,0.2423090887170469
937,910,0.2423090887170469
1404,2011,0.24228863551465665
1411,5884,0.24224773946680206
1052,1140,0.24222729661958967
424,264,0.24220685722235571
1033,1149,0.24220685722235571
2771,5688,0.24220685722235571
1054,1141,0.24214555972179327
1051,1138,0.24212513411574335
2772,5693,0.2421047119553085
2122,3157,0.24206387796779705
412,5556,0.24181916301113207
401,251,0.24181916301113207
400,249,0.24181916301113207
402,252,0.24181916301113207
1823,2802,0.24175806156339066
1509,2195,0.24171734441618
1596,3943,0.2416969909853602
1948,4358,0.24167664098190939
1946,2918,0.24163595125365245
1226,7302,0.24159527522448762
1020,1112,0.24159527522448762
1224,1782,0.24159527522448762
2006,2961,0.24159527522448762
423,6972,0.2415546128874979
426,269,0.2415546128874979
422,6730,0.2415546128874979
416,261,0.2415546128874979
418,263,0.2415546128874979
417,262,0.2415546128874979
420,275,0.2415546128874979
1597,5994,0.24151396423577096
1594,2299,0.24151396423577096
1950,6083,0.24145301690293888
1901,2804,0.24145301690293888
425,268,0.24145301690293888
1897,2781,0.24143270796047922
1899,2806,0.24143270796047922
1898,2801,0.24143270796047922
1900,2785,0.24143270796047922
1028,7417,0.24141240243415793
1908,6066,0.2413921003231131
1907,2809,0.2413921003231131
1906,2807,0.2413921003231131
1902,2786,0.2413921003231131
1903,2787,0.2413921003231131
1904,2788,0.2413921003231131
1905,2796,0.2413921003231131
1022,1114,0.2413921003231131
1909,6067,0.2413921003231131
1023,1116,0.2413921003231131
1019,1111,0.24137180162648314
1018,1109,0.24135150634340682
1021,1113,0.24135150634340682
1024,1118,0.24135150634340682
1628,2390,0.24125008110120505
1610,2316,0.24122980628137974
676,7459,0.2412095348690872
756,1405,0.24108797790543737
1617,2332,0.24108797790543737
1611,2310,0.24108797790543737
2282,6303,0.24104748613890975
2281,6298,0.24104748613890975
2106,4097,0.24104748613890975
1174,1649,0.2410272453557929
1177,1660,0.2410272453557929
1175,1656,0.2410272453557929
1176,1659,0.2410272453557929
1601,2290,0.24088565499682255
1619,2335,0.24088565499682255
1605,2296,0.24088565499682255
1620,2336,0.24088565499682255
1623,2345,0.24088565499682255
1625,2352,0.24088565499682255
1630,5996,0.24088565499682255
1631,5998,0.24088565499682255
1615,2328,0.24088565499682255
1632,6001,0.24088565499682255
1622,2340,0.24088565499682255
1629,3409,0.24088565499682255
1624,2346,0.24088565499682255
1602,2291,0.24088565499682255
1593,2286,0.24088565499682255
1600,2288,0.24088565499682255
2138,3161,0.24084523115809175
2283,6338,0.2408250243260456
2279,6278,0.2408250243260456
1520,2233,0.24080482088440752
1516,2217,0.24078462083232427
1515,2212,0.24070385450248535
2880,5941,0.24068367138538804
2497,4018,0.2405626437262938
1926,2900,0.2405223282170385
775,515,0.24040146272547214
1508,2192,0.24038133028574973
2373,6382,0.2403612012177305
2379,4054,0.24032095319341407
1097,1425,0.2401801911925477
1301,5844,0.24009982977349542
1142,1651,0.23989916129896677
2115,3130,0.23989916129896677
997,6510,0.23935902809724297
2069,3146,0.23931911496932948
1930,6079,0.2392792151502282
2066,3048,0.2390998304824771
968,959,0.23828602564686516
774,510,0.2382662459485463
87,196,0.2382662459485463
1305,1889,0.23795021677378245
1302,1884,0.23793049278366524
1300,5847,0.23793049278366524
1306,6732,0.2379107720631693
1299,1879,0.2379107720631693
1303,5845,0.2379107720631693
792,1193,0.2379107720631693
1307,6945,0.23789105461148166
963,5632,0.23787134042778965
73,133,0.23785162951128086
971,5630,0.23781221747656484
1213,5811,0.23781221747656484
964,949,0.23779251635673412
965,953,0.23779251635673412
972,5633,0.23779251635673412
2704,5751,0.23777281850083976
2705,6739,0.23777281850083976
962,948,0.23777281850083976
966,957,0.23775312390807068
961,946,0.23775312390807068
969,960,0.23775312390807068
967,958,0.23775312390807068
1304,1887,0.23773343257761614
2459,3461,0.237654699862737
2461,3591,0.237654699862737
2117,3142,0.23759568454119176
98,55,0.23751704302375984
120,136,0.23747774178391143
2393,6396,0.23747774178391143
113,72,0.23745809604087834
1928,2907,0.23735991606236148
2485,5741,0.23714420562972055
2483,3696,0.23714420562972055
2394,6402,0.23710502766744898
2392,3396,0.23710502766744898
123,168,0.23698757141199947
111,180,0.2369288869122689
138,7266,0.23687023146906566
116,99,0.23687023146906566
2204,3903,0.23677253690853234
2460,3502,0.23669443926297828
2216,3908,0.2366554097569575
1942,2898,0.2366163931202817
1943,4249,0.2366163931202817
749,2944,0.23659688962595926
2188,3256,0.23657738934658679
2189,3890,0.23653839842951277
2185,3249,0.23653839842951277
196,177,0.23649942036270394
2206,3284,0.23647993614616392
2217,3911,0.23647993614616392
2213,3901,0.23644097734284494
2207,3287,0.23640203137392007
2211,3894,0.23640203137392007
2208,3288,0.23640203137392007
2220,6223,0.23640203137392007
2214,3904,0.23640203137392007
2215,3905,0.23640203137392007
1416,2053,0.23626582146202466
2116,3151,0.23607150793174914
1931,2905,0.23566448809048748
740,1360,0.2355677853871266
755,1415,0.23552912652351995
1057,1147,0.23531672937712228
998,1052,0.23525886935022847
2060,3050,0.2351624991759903
2061,3055,0.23514323461474054
2059,3038,0.235123973209546
2072,6443,0.23510471495963123
2071,6174,0.23510471495963123
2067,3053,0.23508545986422094
2063,3039,0.23508545986422094
2070,6172,0.2350469591338141
2372,7519,0.23495076245740668
943,923,0.23485464448880194
1119,1422,0.23485464448880194
903,820,0.2344518063335896
1076,1176,0.23429870744772976
1938,6788,0.23405034776110056
944,921,0.23403126497693744
1937,6080,0.2340121853042669
1940,2888,0.2339740352903601
2580,3693,0.2339549649476027
2292,3347,0.23380251404595076
2163,3222,0.2337263630764708
518,1439,0.2335932181756297
2579,3615,0.23355520463320892
2422,3599,0.23351720346096141
1768,6034,0.233346351104962
1929,4146,0.23332738294115896
2559,3571,0.23328945586330765
2604,3620,0.23328945586330765
2584,7088,0.23313787077177855
2526,3531,0.23313787077177855
2386,7506,0.23311893648518944
2381,6375,0.23311893648518944
819,5563,0.2330621520738988
985,1031,0.2330621520738988
2466,3460,0.2330432300837978
1760,2604,0.2330432300837978
2383,6377,0.23302431116594718
2382,6376,0.23302431116594718
2389,7862,0.23302431116594718
2388,7528,0.23302431116594718
2387,7527,0.23302431116594718
2384,6378,0.23302431116594718
2385,7505,0.23302431116594718
1770,7373,0.2330053953195988
2467,3794,0.23292976263427229
2417,5965,0.23291086213422085
2678,3854,0.23285417903319036
2683,6742,0.23285417903319036
2578,3610,0.23283529079673407
1140,1511,0.2328164056243116
1139,1510,0.2328164056243116
2419,7247,0.2328164056243116
2418,3426,0.2328164056243116
2617,3664,0.23279752351517743
2681,5967,0.23279752351517743
2420,3429,0.23279752351517743
2607,3628,0.23279752351517743
2680,5959,0.23279752351517743
2679,3865,0.23279752351517743
2682,6718,0.23279752351517743
1413,2048,0.23266543446073903
980,995,0.23266543446073903
2291,3348,0.23257117687102072
2294,3353,0.23253349521566247
2296,6266,0.23253349521566247
2298,6315,0.23253349521566247
2894,7577,0.23253349521566247
1317,1930,0.23253349521566247
1418,7501,0.23253349521566247
2293,6268,0.23253349521566247
2297,6310,0.2325146589665563
2295,6235,0.2325146589665563
1423,7499,0.23247699562178162
1419,2056,0.23247699562178162
1422,5922,0.23247699562178162
421,276,0.23243934447664893
419,267,0.23243934447664893
2182,3243,0.2323076614553365
850,659,0.2322700651353081
2723,3916,0.23225127153832328
1318,1934,0.23219490899062756
1324,1943,0.2321761275533558
1325,1944,0.2321761275533558
2625,5744,0.2321761275533558
2624,5728,0.2321761275533558
1323,1946,0.2321761275533558
2618,3665,0.2321761275533558
2627,6825,0.2321761275533558
2626,5774,0.2321761275533558
1327,1952,0.2321761275533558
1326,1949,0.2321761275533558
1328,1950,0.2321761275533558
1320,5859,0.2321761275533558
1319,1932,0.2321761275533558
1329,1951,0.23215734915416836
1322,1937,0.23215734915416836
1331,5857,0.23215734915416836
2008,3965,0.23202598536433092
2730,3927,0.2319884801537329
2724,6204,0.2319884801537329
2729,3924,0.23195098706603132
941,929,0.23178241803473335
939,914,0.23159540624028865
1017,5675,0.23155804008891076
1014,1104,0.23153936153441457
1209,1895,0.23148334394694658
1083,5704,0.23127817782145982
1078,5706,0.23125954438786156
1079,5707,0.23125954438786156
1080,5708,0.23122228652667454
1077,1182,0.23120366209763493
1133,4196,0.2311291943749205
1160,1625,0.23111058493898048
1164,1627,0.23105477460694984
1166,1639,0.23105477460694984
2853,7430,0.23085036713383766
946,922,0.23085036713383766
957,5625,0.2308318025687284
952,943,0.2308132409892359
751,497,0.23079468239464
949,933,0.23079468239464
953,5617,0.23079468239464
948,932,0.23079468239464
947,927,0.23077612678422074
950,937,0.23075757415725842
951,941,0.23075757415725842
959,939,0.23075757415725842
945,920,0.23075757415725842
1205,1740,0.23060926045972022
184,80,0.23025777835248978
1074,6768,0.2300916605164038
1073,5701,0.2300916605164038
1072,1169,0.2300916605164038
1807,7407,0.23007321777349612
1806,2582,0.23007321777349612
1816,6036,0.23005477798686683
2110,4183,0.2299994763575431
2105,3129,0.2299994763575431
2107,4172,0.22998104838892217
2109,4177,0.22998104838892217
2113,6180,0.22998104838892217
2112,6179,0.22998104838892217
2103,3127,0.22998104838892217
2114,6182,0.22998104838892217
2102,3122,0.22998104838892217
2108,4175,0.22998104838892217
2111,4188,0.22998104838892217
2104,3128,0.22998104838892217
1953,6085,0.22996262337302817
753,1361,0.22988895282253224
413,1062,0.22981532945893815
2556,3744,0.22941124240266444
79,192,0.22931960253592215
991,1033,0.2292829670854012
1136,1500,0.2291365422640806
81,71,0.22911825231019617
1084,5709,0.22906339996346162
77,27,0.22900857387443257
2377,6407,0.2289355132351362
2376,4308,0.22889900039410985
160,6775,0.2288442529651708
159,65,0.2288442529651708
2374,6743,0.22864373625475048
2075,3068,0.22817118163292033
2076,3071,0.22815304546078513
1346,1968,0.227917537314764
844,5582,0.2278994414404238
841,652,0.22788134843935673
839,662,0.22788134843935673
2753,4223,0.2278632583108786
2754,6135,0.2278632583108786
1287,5848,0.22784517105430524
1216,1771,0.2277005763082768
1833,2671,0.22762834773530036
1836,6046,0.22762834773530036
1834,2672,0.22762834773530036
838,634,0.22755616497083697
866,5583,0.22755616497083697
864,5581,0.22753812643219481
2464,5771,0.2271240279270563
85,132,0.22708809058086532
783,530,0.22696239937867776
785,541,0.22696239937867776
784,531,0.22696239937867776
1592,2280,0.22689063828488956
2424,6505,0.22687270510133872
1316,4314,0.22683684723740616
2915,7054,0.22676516550340794
1835,6045,0.22676516550340794
1800,2556,0.22674725214804783
1210,5807,0.22656827412914496
1207,1755,0.2265503918659935
1206,1753,0.2265146358066712
1345,1965,0.22644315753724656
140,187,0.22619333845091708
2743,3979,0.22612206278100974
2742,3978,0.22612206278100974
164,5527,0.22610425088161776
1607,2304,0.22592628610327725
1471,2136,0.22590850503243645
1464,2097,0.22581964164441332
1608,5997,0.22581964164441332
1486,6747,0.2256953502863766
162,115,0.22567760554620156
1470,2114,0.22564212443535395
1465,2103,0.2256066544794575
1484,5935,0.22558892368297215
1474,2142,0.22558892368297215
1482,5932,0.22558892368297215
211,5497,0.225482597403153
210,141,0.225482597403153
153,5524,0.2254294718402684
1015,1105,0.2254294718402684
152,58,0.2254294718402684
986,1036,0.22523489210154876
988,1042,0.22519955005037953
989,1043,0.22519955005037953
987,1037,0.22519955005037953
984,1028,0.22514655776469822
983,1026,0.22514655776469822
1759,2577,0.2249877304391078
995,1047,0.22463558185491764
929,890,0.2245477168850925
2378,6432,0.22438973303174933
1071,1166,0.22424948944860448
1971,7479,0.2241619261961841
1701,2476,0.22396952753918054
934,901,0.22393458144344963
935,898,0.22376001441706717
1544,2278,0.2236728329262166
1543,2272,0.2236728329262166
1539,2259,0.2236728329262166
974,971,0.22363797934882257
973,967,0.22363797934882257
1842,2759,0.22356830477000839
2425,3445,0.22353348375844076
2456,3545,0.22353348375844076
1504,2229,0.22339430811285996
1972,6755,0.22329004005773143
1973,7478,0.22329004005773143
1065,1153,0.22329004005773143
397,247,0.2232379425215537
1980,6924,0.22302979525579936
936,908,0.2229258671126233
1888,2769,0.22280473996290753
1838,2683,0.22271830112834712
1837,2680,0.22271830112834712
1886,2767,0.22271830112834712
1832,2670,0.22271830112834712
1840,6047,0.22271830112834712
1839,2686,0.22271830112834712
1841,6750,0.22271830112834712
1887,2768,0.2227010214091192
2749,6270,0.22256288012267486
1178,6107,0.2225456245109426
1173,1648,0.2225456245109426
1892,2765,0.22244214700419543
2621,7056,0.22242491010787585
1377,1989,0.222287111046398
1363,1990,0.22226989816804535
1373,1987,0.2222526879552565
1374,5890,0.2222526879552565
1380,1995,0.2222526879552565
1365,1978,0.22223548040741234
1362,1975,0.22223548040741234
1381,1992,0.22223548040741234
1378,1991,0.22223548040741234
2794,5889,0.22221827552389392
1370,1986,0.22221827552389392
1364,1977,0.22220107330408248
1359,1972,0.22220107330408248
1358,1971,0.22220107330408248
1522,5943,0.22220107330408248
1361,7456,0.2221838737473595
1366,1979,0.2221838737473595
1367,1981,0.2221838737473595
1372,1985,0.2221838737473595
2795,7946,0.2221838737473595
1368,1993,0.2221838737473595
1360,6926,0.2221838737473595
1371,1984,0.22216667685310662
2134,4131,0.22208073229726402
2160,3213,0.22201202451404883
2168,3224,0.22192619954709583
2169,4001,0.22192619954709583
2165,3236,0.22190904251582044
2161,3215,0.2218918881371473
2172,6787,0.22187473641046127
2731,4086,0.22185758733514746
2174,6197,0.22185758733514746
2173,3223,0.22184044091059105
2175,6200,0.22184044091059105
2177,3235,0.22182329713617757
2178,6198,0.22182329713617757
2167,3217,0.22182329713617757
2179,6199,0.22180615601129258
2390,7504,0.22178901753532204
2399,6408,0.22172049010830663
2402,6946,0.22172049010830663
2401,6752,0.22172049010830663
2396,3398,0.22172049010830663
2398,6406,0.22172049010830663
2395,3397,0.22172049010830663
2400,6409,0.22172049010830663
2397,6404,0.22172049010830663
1477,5712,0.2213272777347627
1761,2607,0.22110564357896606
895,6737,0.22107158540835933
2375,6358,0.22105456025738449
1333,6463,0.22103753772848742
1332,4279,0.22103753772848742
1335,7288,0.22103753772848742
1334,7287,0.22103753772848742
1762,2609,0.2210205178210624
2023,4369,0.22095246439397564
1530,2254,0.22091845339353017
1525,2243,0.22091845339353017
1469,2110,0.22088445286203445
1532,2258,0.2208504627946555
1233,1787,0.22081648318656338
1277,1835,0.22081648318656338
9,5435,0.22079949730324133
5,3,0.22079949730324133
1,4,0.22078251403293112
24,5425,0.22078251403293112
21,5421,0.22078251403293112
0,2,0.22078251403293112
4,5430,0.22076553337502983
3,6,0.22076553337502983
26,5428,0.22074855532893467
22,5422,0.22074855532893467
25,5427,0.22074855532893467
2912,6979,0.22074855532893467
8,5424,0.22074855532893467
7,5434,0.22074855532893467
31,5979,0.2207315798940432
19,5419,0.2207315798940432
6,5431,0.2207315798940432
23,5423,0.2207315798940432
29,5436,0.2207315798940432
32,5984,0.2207315798940432
20,5420,0.220714607069753
27,5429,0.220714607069753
10,1,0.220714607069753
30,5437,0.220714607069753
28,5433,0.220714607069753
2391,6963,0.22062978208625195
1734,2584,0.2205280781301581
1771,7376,0.22039261862270712
1757,2572,0.22035877974375384
2938,7375,0.22034186420067073
1767,4214,0.22034186420067073
2404,6943,0.22002096159298926
2403,6410,0.22002096159298926
2739,3968,0.21986928111391327
2738,3966,0.21986928111391327
2701,3838,0.21933166233224863
2651,3724,0.21933166233224863
2548,3546,0.21933166233224863
1697,2469,0.21924789680279086
2426,3446,0.21921440850329446
2654,7121,0.2191307324942467
2261,6309,0.2191307324942467
2260,6286,0.21908055754404956
2258,6260,0.21906383766634643
2257,6237,0.21906383766634643
2262,6319,0.21906383766634643
2259,6281,0.21906383766634643
2234,3318,0.2190471203405172
672,1202,0.21899698366843195
2271,6321,0.21898027654425828
2288,6312,0.21889677914604877
2287,6256,0.21889677914604877
2290,6334,0.21889677914604877
2289,6318,0.21889677914604877
2286,6253,0.21889677914604877
2284,4051,0.21889677914604877
109,188,0.21888008730685812
1645,2388,0.21859671502110561
1472,7546,0.21859671502110561
1877,2716,0.21854678429588378
1879,2725,0.21854678429588378
1878,2722,0.21854678429588378
2741,3984,0.21854678429588378
74,24,0.21846361708974335
108,77,0.2183472892851162
1641,6007,0.21798249278114654
1634,2365,0.21798249278114654
1633,2361,0.21798249278114654
1635,2374,0.21798249278114654
1636,2380,0.21798249278114654
1002,5659,0.21788321428132212
1003,6756,0.21788321428132212
2576,5752,0.21770143837255498
2862,5739,0.21768492832869238
2757,7071,0.21768492832869238
2756,7070,0.21768492832869238
2755,7065,0.21768492832869238
1640,6005,0.21747052541420847
1639,6003,0.21747052541420847
982,1001,0.21745405037440438
163,169,0.21709222999108588
71,21,0.21684622383788907
279,5531,0.21682984324989707
161,67,0.21682984324989707
202,5480,0.21681346513650107
204,5533,0.21681346513650107
2022,4368,0.2166825292475381
203,5491,0.21648642167147883
201,5479,0.21648642167147883
1746,2615,0.2162092094713873
1740,7532,0.21598144958180115
1744,2587,0.2158839850287408
187,109,0.21546265312581725
2028,6140,0.21531719037897665
1336,1958,0.21502685331801166
1338,5861,0.21502685331801166
1341,5864,0.2150107464376133
1340,5862,0.2150107464376133
1342,5865,0.2150107464376133
2074,3056,0.21467305848045304
2029,6142,0.21449659729054982
2101,4143,0.21406469273936443
2099,4081,0.21406469273936443
2100,4142,0.21406469273936443
2898,7894,0.21393705485146736
2897,6363,0.21393705485146736
2750,6296,0.21387329296938662
2752,6316,0.21382549649449772
2751,6297,0.21380956908321325
2748,6236,0.21380956908321325
1527,2247,0.21366632908606056
976,986,0.213507398463414
979,5637,0.21344389239605427
2012,6138,0.21317441254676106
681,399,0.2125272815742735
2024,6097,0.2125272815742735
2025,6102,0.2125272815742735
2030,6990,0.2125272815742735
2011,6121,0.21171215997508022
2596,4016,0.21157171555554932
2603,4116,0.21157171555554932
2594,3881,0.21157171555554932
2599,4040,0.21157171555554932
2031,4370,0.211556122121325
2032,6159,0.211556122121325
680,1558,0.21132249613061457
1738,4092,0.21132249613061457
1794,7372,0.21108938556715234
1792,2624,0.2110583430104513
1798,7530,0.21104282515566045
1797,7399,0.21104282515566045
1793,2628,0.21104282515566045
1791,2594,0.21104282515566045
1796,7398,0.21104282515566045
1808,7397,0.21104282515566045
1772,2533,0.21102730958257152
1795,7396,0.21102730958257152
2183,3244,0.2110117962906813
2187,3253,0.2109497659250487
2139,3163,0.2107948494486405
2725,3920,0.21077937031444688
2726,6209,0.21077937031444688
2721,6231,0.21076389345342078
2728,3921,0.2107484188650615
36,18,0.2107484188650615
2702,3845,0.2107020087309798
2801,5758,0.2107020087309798
1933,2879,0.2106556190328884
1748,2635,0.21060924975729237
1786,2550,0.2105783482460669
882,731,0.2102236315323083
876,693,0.2099161521824
2812,7480,0.2093038839829472
2810,6110,0.2093038839829472
2811,6113,0.2093038839829472
1889,2761,0.20918185868985115
1891,7317,0.2091208993838072
1138,5713,0.2091056651083367
45,3995,0.208771071710098
33,7,0.20869517703519977
43,5447,0.20860417623125999
42,5443,0.20849810887935916
2227,3300,0.20822585890040898
1542,2262,0.20799952644508243
726,472,0.20780376927113137
1684,2440,0.2073534251926705
1606,2297,0.20711403888751984
1603,2295,0.20711403888751984
2181,3241,0.20708415445798553
2184,3247,0.20705427865123982
46,3997,0.20697962683459314
2814,6112,0.2068155821703392
738,4347,0.20678578380103288
1780,2539,0.20671132543152365
1781,6477,0.20662204613749913
1717,4061,0.20662204613749913
1810,6040,0.20659230350814292
1809,2596,0.20659230350814292
1812,6069,0.2065625694402805
1811,2611,0.2065625694402805
1813,2603,0.2065625694402805
1966,6094,0.20650312697425452
1968,6490,0.20650312697425452
1965,6093,0.20650312697425452
1967,6095,0.20650312697425452
1157,1605,0.20633983645619564
1799,7384,0.2062360586968054
1275,1839,0.20611758329327426
993,1039,0.20602881603087408
994,1041,0.20602881603087408
2676,7108,0.205336108801927
2673,3764,0.20532142095437322
2675,6722,0.20529205156216118
2896,7457,0.20529205156216118
2412,3420,0.20527737001660143
2696,7113,0.20527737001660143
2694,7107,0.20527737001660143
2414,7114,0.20527737001660143
2411,6839,0.2052480132243216
2697,7115,0.2052480132243216
2410,6712,0.20523333797670082
2415,7118,0.20523333797670082
2048,3012,0.20523333797670082
2408,3417,0.20523333797670082
2925,7110,0.20521866482749251
2700,7246,0.20521866482749251
2926,7236,0.20521866482749251
2698,7116,0.20521866482749251
2699,7242,0.2052039937762466
2693,7106,0.2052039937762466
2695,7112,0.2052039937762466
1709,2497,0.2052039937762466
1703,2487,0.20518932482251323
1705,2490,0.20518932482251323
1694,2461,0.20518932482251323
1719,2512,0.20518932482251323
1712,2509,0.20518932482251323
1706,2491,0.20518932482251323
1708,2496,0.20518932482251323
1695,2467,0.20517465796584258
1693,2460,0.20517465796584258
1692,2458,0.20517465796584258
1691,2456,0.20517465796584258
1689,2454,0.20517465796584258
1704,2488,0.20517465796584258
1687,2441,0.20517465796584258
1696,2468,0.20517465796584258
1690,2455,0.20517465796584258
1698,2470,0.20517465796584258
1702,2477,0.20517465796584258
1718,6777,0.20517465796584258
1711,2508,0.20517465796584258
1707,2492,0.20517465796584258
1710,2501,0.20517465796584258
1714,2517,0.20517465796584258
2505,3856,0.20502810463872412
2506,4147,0.20488176052406407
2510,6803,0.20488176052406407
2508,5961,0.2048671376020368
2509,5963,0.2048671376020368
2512,7136,0.20485251676720936
2517,7243,0.20485251676720936
2511,7135,0.20485251676720936
2513,7137,0.20485251676720936
2514,7138,0.20485251676720936
2516,7142,0.20485251676720936
2515,7141,0.20485251676720936
2507,5960,0.20485251676720936
2813,4365,0.2046918252115908
773,508,0.20463345440522832
1773,2535,0.20428392747435326
1776,7380,0.20424032054519264
1733,2566,0.20422578903892832
1737,2629,0.20421125960032283
2740,3972,0.2041967322289349
1735,2591,0.20418220692432335
1739,7370,0.20418220692432335
1784,2547,0.2040950984742703
1743,2574,0.20400806431713842
1751,6913,0.20399356584053285
1752,7364,0.20396457506872293
1782,2543,0.20393559253585347
1801,7394,0.2038921341768815
1785,7383,0.20387765217289136
1783,6037,0.20386317222600409
2096,3106,0.2038342185017851
1788,6073,0.2038342185017851
1779,2544,0.20377633571930553
1789,7382,0.20374740665404156
1787,2637,0.20367511991358386
1750,6735,0.20367511991358386
1726,2524,0.20367511991358386
1728,7367,0.20367511991358386
2686,7144,0.20360288444759098
2849,5604,0.2035884435025277
2689,7147,0.2035884435025277
2687,7145,0.2035884435025277
2692,7237,0.20357400460582536
2685,5969,0.20357400460582536
2691,7150,0.20355956775704828
2929,7151,0.20355956775704828
103,42,0.2035451329557607
2690,7148,0.2035451329557607
2688,7146,0.2035451329557607
2653,7082,0.20324247432855186
2652,5731,0.20321369663307168
827,631,0.20308429778846313
831,4252,0.20306993031072781
835,4325,0.20304120145307616
836,4328,0.2030124807229746
865,5588,0.2029550636316296
863,646,0.20292636726349506
834,653,0.20289767900912828
1389,5905,0.20235413922750353
885,715,0.20233987487256008
887,5598,0.20233987487256008
1129,1461,0.20232561252852171
878,714,0.20231135219496318
2875,5899,0.20231135219496318
2848,5596,0.20231135219496318
889,730,0.20231135219496318
894,5599,0.20231135219496318
1382,4242,0.20228283755758544
2269,6275,0.20226858325291647
1394,5918,0.20225433095702774
1384,5897,0.20224008066949464
1388,5904,0.20224008066949464
2270,6289,0.20222583238989275
1387,5902,0.20221158611779766
1385,5900,0.20221158611779766
1393,5916,0.20219734185278512
1386,5901,0.20219734185278512
2878,5912,0.20219734185278512
1391,5909,0.20218309959443106
1383,5896,0.20218309959443106
1392,5911,0.20218309959443106
1646,2396,0.2021403848550801
158,6727,0.20181350382775345
336,7275,0.20181350382775345
248,5512,0.2017425825795711
249,5520,0.20168588146024014
247,5481,0.2015584204018073
2833,5508,0.20154426800604813
1246,1818,0.20154426800604813
1258,1834,0.20154426800604813
250,6728,0.2015018227407608
192,5503,0.20133222030877027
272,5550,0.20133222030877027
2839,5515,0.20131809965928865
191,94,0.20126163686314244
1479,5928,0.20123341734030692
1487,6748,0.20123341734030692
1485,6746,0.20123341734030692
1481,5931,0.20123341734030692
1475,2151,0.20123341734030692
1473,2117,0.20123341734030692
1488,6749,0.20123341734030692
1490,7547,0.20123341734030692
1478,5927,0.20123341734030692
2828,5472,0.20123341734030692
1480,5930,0.20123341734030692
337,7255,0.2011911028907365
246,5507,0.20117700202846492
1040,1127,0.20113471129858718
157,5516,0.20110652735529583
2840,5529,0.2009797972932459
2842,5501,0.200951656744759
244,149,0.20092352407546812
2275,6267,0.19994381895668276
1163,5793,0.1994436815551791
2524,5737,0.19916690708729792
1883,2743,0.19911164434948234
843,5580,0.19898741524728855
846,5587,0.19897362158201423
845,5584,0.19897362158201423
842,4349,0.1989598298289414
2910,6792,0.1989598298289414
847,5590,0.1989598298289414
1683,6013,0.19887711944447706
854,4327,0.19876694584461863
837,4350,0.19875318272691717
855,5589,0.19868439571829014
2500,3491,0.19727790137059364
2806,5755,0.19725078786023484
2865,5777,0.1972372338996865
2916,7075,0.1972372338996865
385,236,0.19661575895212943
388,5555,0.19660229211932448
387,240,0.19660229211932448
384,222,0.19658882713116482
386,239,0.19658882713116482
383,214,0.19654844323076812
2780,5412,0.19637363788343282
2779,5411,0.19634677234709197
2787,6758,0.19634677234709197
2777,5409,0.19633334233530353
2791,7617,0.19633334233530353
2785,5418,0.19633334233530353
2790,7616,0.19631991416060035
2786,6064,0.19631991416060035
2792,7618,0.19631991416060035
2788,6919,0.19631991416060035
2789,7615,0.19631991416060035
2781,5414,0.19631991416060035
2774,5404,0.19631991416060035
2783,5416,0.19631991416060035
2776,5407,0.19630648782260549
2793,7620,0.19630648782260549
2782,5415,0.19630648782260549
2778,5410,0.19630648782260549
2775,5405,0.19630648782260549
2784,5417,0.19630648782260549
2800,4219,0.19621255485283598
1536,2251,0.1958510824878642
2265,6248,0.1957575847331472
2266,6262,0.19573088748326883
2267,6276,0.19570419751429316
1876,2711,0.19559751038787992
1882,5476,0.19559751038787992
1884,6053,0.19550425452541462
1845,6051,0.1954909395179553
2936,7356,0.1954643149432848
1881,6052,0.1954643149432848
1880,5477,0.1954643149432848
1885,7358,0.1954510053753328
2905,6740,0.19541108754456654
2874,5898,0.19521174271913339
2870,5894,0.19521174271913339
2872,5906,0.1951984675241168
977,977,0.19517192254995155
2877,6771,0.19517192254995155
2876,5903,0.19517192254995155
2883,3027,0.19515865277006647
1824,2642,0.19514538479448892
799,579,0.19510559168992234
1918,2830,0.19507907196833885
2263,3323,0.19494658142774637
2891,6325,0.19490686935167634
41,4248,0.19486717345160473
1910,2792,0.19480104953798014
1082,5703,0.1947746125359393
37,5440,0.1947613967256166
1912,2808,0.19474818270860556
2647,5989,0.19474818270860556
1354,4077,0.19461614109038833
2859,5686,0.19455018740288313
1055,1143,0.19451063664309395
2136,4133,0.194457927304528
2131,3936,0.194457927304528
2127,3184,0.194457927304528
2135,4132,0.194457927304528
2137,6186,0.194457927304528
2128,3186,0.194457927304528
2123,3170,0.194457927304528
2125,3182,0.194457927304528
1911,2810,0.19406351598554106
1030,1117,0.19406351598554106
1029,1110,0.19405039649419534
2857,5680,0.19403727877659283
2858,5682,0.19403727877659283
1031,1119,0.19402416283237375
1032,5601,0.19399793626264786
2797,7932,0.19380146276025506
1308,6731,0.19342274022521144
84,29,0.19286390277109036
144,155,0.19228252042752797
92,37,0.19216666431961824
332,4237,0.1921538000362925
91,32,0.1921538000362925
95,183,0.19206379825641604
93,69,0.19206379825641604
154,60,0.1919995628723838
334,5511,0.1919995628723838
335,5526,0.1919995628723838
333,5463,0.1919995628723838
189,143,0.19188404739234827
101,140,0.191730242798887
148,148,0.1916790293784399
151,5495,0.1916406372641299
150,170,0.19153833344068716
97,40,0.19153833344068716
2192,6212,0.19090140096715466
2222,3282,0.19086331969826034
1415,2052,0.19074916699509153
1061,5695,0.19010487217313315
1062,6773,0.1900922824464992
1063,7424,0.1900922824464992
1060,5692,0.1900796943872682
2073,6175,0.1899664768327027
1081,1181,0.1894399066091696
2636,6721,0.18924007548405442
2635,6719,0.18922760003573985
2637,6725,0.18922760003573985
2639,7177,0.18921512623217784
2927,7180,0.18921512623217784
2638,7117,0.18921512623217784
2641,7179,0.18920265407304312
2642,7181,0.18920265407304312
2643,7182,0.18919018355801065
2640,7178,0.18919018355801065
2166,3237,0.189102935960349
2171,6196,0.18906556876183228
2170,4152,0.18904066549935047
2932,7187,0.1889659950587319
2588,7190,0.1889659950587319
2920,7192,0.1889659950587319
2585,7184,0.1889659950587319
2589,7193,0.1889659950587319
2587,7188,0.18895355571997483
2931,7183,0.18895355571997483
2583,6724,0.18894111801883476
2581,6715,0.18894111801883476
2590,7194,0.18894111801883476
2586,7186,0.18894111801883476
2582,6723,0.18894111801883476
2568,7087,0.18892868195498833
2922,7212,0.18892868195498833
2923,7217,0.18892868195498833
2565,4385,0.18892868195498833
2574,7213,0.18892868195498833
2566,5964,0.18891624752811226
2934,7218,0.18891624752811226
2911,6960,0.18891624752811226
2924,7096,0.18891624752811226
2572,7099,0.18891624752811226
2571,7098,0.18891624752811226
2569,7093,0.18891624752811226
2573,7201,0.18891624752811226
2570,7095,0.18891624752811226
2921,7206,0.18891624752811226
2567,6716,0.18890381473788334
2421,3430,0.18890381473788334
2930,7165,0.1886679022572721
2530,7164,0.1886679022572721
2919,7191,0.1886679022572721
2529,7163,0.18865550213224697
2527,7160,0.18865550213224697
2533,7168,0.18865550213224697
2531,7166,0.18865550213224697
2528,7162,0.18865550213224697
2532,7167,0.18865550213224697
2534,7171,0.18865550213224697
2469,7100,0.18864310363710157
2468,6767,0.18861831153516478
2470,7103,0.18861831153516478
2416,3423,0.18851920825838286
2882,7215,0.18851920825838286
2881,7214,0.18850682767072555
2706,3860,0.18848207137317863
1417,7500,0.18834602788334237
2722,3913,0.1881238343781713
955,931,0.18784068221596345
956,935,0.18776695656061607
2851,5621,0.18722806502786102
954,5629,0.18717922823228808
1004,7429,0.18647394692016747
168,7254,0.18602679617252998
208,130,0.18602679617252998
2899,6405,0.18589427271175038
1285,1865,0.1853181912933138
1356,5885,0.18522252467846276
2868,5842,0.18517472840088625
1220,4125,0.18507920980992568
1217,1773,0.18507920980992568
1221,5832,0.18507920980992568
1222,6774,0.18507920980992568
100,41,0.1848527476134813
278,5521,0.18484084390122593
86,147,0.18482894172196637
282,5548,0.18482894172196637
102,5487,0.18475756082274314
141,5534,0.18473377944021993
139,50,0.18472189104460632
2866,5809,0.18433043057681336
2846,5532,0.18404677256617963
2825,5467,0.18404677256617963
2826,5471,0.1840349724268858
992,1035,0.18344688853723637
990,1027,0.18340000414939223
996,1048,0.1830491336612549
1894,4247,0.1818776748791115
1896,6060,0.1818546290510731
1890,6058,0.1818546290510731
1895,6056,0.18184310832702802
1893,2772,0.1817625041123441
1379,1994,0.181498164081071
1376,5892,0.18148668847636176
1375,5891,0.18148668847636176
1369,1983,0.1814408005652426
2164,3227,0.18131472837736956
2162,3220,0.1813032759564261
2176,3232,0.18124603554600857
1814,7381,0.18069836102877795
2821,5455,0.1806528708504083
2805,7029,0.1806528708504083
1790,2549,0.18064150188433842
1537,2255,0.1806301343491371
2817,5982,0.18048248647775011
2818,5980,0.18045979284182934
2913,6981,0.18045979284182934
2937,7368,0.18018791368123904
286,5488,0.17968034209340453
2889,6304,0.17950056062423472
76,5485,0.1793323419306596
2274,3334,0.17932113856076326
287,7252,0.17925394772635594
285,5461,0.17924275414900323
2575,3604,0.17841829095861123
198,5464,0.17807515757442383
197,105,0.17805306525290848
273,5465,0.1780420211476329
274,5468,0.1780420211476329
281,5547,0.1780420211476329
280,5546,0.17803097841233873
275,5469,0.17803097841233873
276,5478,0.17803097841233873
277,5489,0.1780199370467711
2824,5466,0.17788754740593318
2837,5510,0.17784346127274708
2893,6265,0.1758388547501922
2895,6295,0.1758388547501922
2796,7534,0.17412153260188884
2191,3246,0.17390000393445643
70,5439,0.17374211397264921
2727,6233,0.17374211397264921
47,11,0.17372108363748337
49,15,0.17372108363748337
48,12,0.17372108363748337
2746,5448,0.17240635863668316
2747,5449,0.17240635863668316
2744,3996,0.17239600390042867
2745,5441,0.17239600390042867
38,5442,0.17235459739054507
39,5445,0.17234424887073777
2808,5573,0.171040011020268
1817,2632,0.1708872694494337
2677,7208,0.17006715635396003
2674,6717,0.17003693293893357
2904,6729,0.16999665175849202
2413,7105,0.16998658444522904
104,54,0.1695147619997719
105,97,0.16908538318462168
2928,7205,0.16883674283525307
2935,7152,0.1688168831936798
2917,7083,0.16858883266428626
853,637,0.1685096550981647
2807,4326,0.16847009419780123
209,5535,0.16825284085241132
2300,3360,0.168105034550052
2803,5917,0.16793783436356996
2879,5915,0.16793783436356996
2802,5914,0.1679280094156753
2873,5910,0.16791818561730065
2844,5506,0.16762400519400478
2832,5499,0.16750662143686612
2831,6789,0.16750662143686612
2829,5473,0.16729184432580357
2845,5539,0.16726259920413364
2816,5406,0.16383524343277042
1538,2257,0.1634899735115417
2886,6243,0.16347135172516303
94,128,0.16343412087582632
2888,6245,0.16340620886611282
2869,5893,0.16304421840057584
2871,5895,0.16303495768159362
2264,6322,0.16290541798763553
2890,6258,0.16283148768675615
2804,7642,0.1627853153145884
96,68,0.16107707435141067
146,4239,0.16106803574109968
251,4238,0.16098673387224552
252,5462,0.16098673387224552
188,91,0.1607703296147719
212,190,0.1606983240926065
99,75,0.16054552631255314
245,152,0.160455780923592
2223,3910,0.15998180052068542
2773,4060,0.158980529766942
2903,3413,0.15883976896365104
2933,7185,0.1586641680914343
2815,7094,0.15863786144258527
2918,7207,0.15862032852244348
2906,6764,0.158436466575158
2908,7104,0.15841897814129574
958,5619,0.15790480057993933
2850,5616,0.15747166254894326
960,942,0.1573853199332239
1286,1869,0.15615240261898256
2823,5492,0.15176827922286987
2838,5502,0.15176025509898158
2827,5544,0.15091448290968126
2820,5446,0.14680817639843174
2819,5444,0.14677064298932033
2847,7498,0.1458162796516199
2902,7111,0.1451232855524616
142,139,0.144706264616966
145,206,0.144706264616966
143,145,0.144706264616966
147,4244,0.144706264616966
2841,7253,0.14382169881461757
2843,5504,0.1438000834097559
2830,5474,0.14325465214064667
2885,6240,0.14034781268052696
207,5498,0.1402518061634974
2887,6333,0.13995092466807108
2892,6329,0.13980777677376346
190,5490,0.13832554888642176
2907,7101,0.1365553503778372
2852,5618,0.13619897817044543
1289,5955,0.13485522503839031
2867,5840,0.13485522503839031
1288,1867,0.13485522503839031
1291,7895,0.13485522503839031
1290,5957,0.13485522503839031
2836,5543,0.12136970253455127
2834,5482,0.10810867631886323
2835,5522,0.09745343467583817
1396,2001,0.002420391800922774
776,529,0.0020422055820285907
779,5567,0.0017504619274530777
1397,1999,0.001555966157736069
781,5569,0.0015316541865214432
1399,2000,0.0014522350805536645
1400,5919,0.0014522350805536645
780,5568,0.0013614703880190605
1401,2002,0.0013614703880190605
1403,5921,0.0013614703880190605
1402,2004,0.0013614703880190605
782,5571,0.0013614703880190605
1395,1998,0.0013614703880190605
778,5566,0.0013614703880190605
777,5564,0.0012253233492171545
1398,5920,0.0010373107718240461
2855,5645,0.0007658270932607216
2856,7634,0.0007658270932607216
2909,6779,0.0005105513955071477
2854,5642,0.0005105513955071477
2799,4107,0.0003403675970047651
2193,3261,0.0003403675970047651
1721,2518,0.0003403675970047651
1722,7369,0.0003403675970047651
2194,3260,0.0003403675970047651
2798,4106,0.0003403675970047651
2591,3616,0.0003403675970047651
2592,7310,0.0003403675970047651
2860,5734,0.0003403675970047651
2900,6448,0.0003403675970047651
2901,6449,0.0003403675970047651
2861,4058,0.0003403675970047651
2863,5745,0.0003403675970047651
2864,7063,0.0003403675970047651
