Airport ID,label
2,0
4,0
5,0
6,0
5430,0
3,0
5431,0
5434,0
5424,0
5435,0
1,0
2279,1
2397,1
3077,1
3316,1
3320,0
3322,0
3361,0
4074,0
5419,0
5420,0
5421,0
5422,0
5423,0
5425,0
5427,0
5428,0
5429,0
5433,0
5436,0
5437,0
5979,0
5984,0
7,2
8,2
9,2
18,2
5440,2
5442,2
5445,2
16,3
4248,2
5443,2
5447,2
609,3
3995,2
3997,2
11,2
12,2
15,2
193,4
337,3
340,3
421,3
478,3
502,3
507,3
548,3
580,3
625,3
644,3
679,3
737,3
1212,3
1382,3
3448,4
3494,4
3577,4
3797,4
4167,4
5439,2
21,5
121,5
133,5
24,7
189,4
5485,7
27,7
111,4
192,7
28,4
71,7
146,4
202,7
29,7
132,7
147,7
196,7
30,4
119,4
156,4
32,7
37,7
69,7
128,7
183,7
68,7
40,7
55,7
75,7
41,7
140,7
5487,7
42,7
54,7
97,7
176,4
45,4
77,4
188,7
48,4
180,4
49,4
72,7
87,4
90,4
99,4
100,4
120,4
122,4
136,7
160,4
166,4
168,4
175,4
178,4
184,4
1780,4
1826,4
1836,4
1840,4
1852,4
3462,4
3484,4
3550,4
3839,4
3877,4
3878,4
7266,4
50,7
187,7
5534,7
139,7
145,7
155,7
206,7
4239,7
4244,7
148,7
154,7
170,7
5495,7
58,4
5524,4
60,7
62,7
5496,7
5516,7
6727,7
65,4
6775,4
67,5
115,5
169,5
5527,5
70,4
1760,4
153,7
7254,7
73,4
1441,4
1761,4
1910,4
1918,4
1923,4
3533,4
3617,4
3646,4
4069,4
5810,4
5852,4
78,4
172,4
79,4
80,7
161,7
85,4
109,7
91,5
143,5
5490,5
94,7
5503,7
98,4
117,4
144,4
177,5
105,5
5464,5
108,4
173,4
5479,5
5480,5
5491,5
5533,5
127,4
162,4
5498,7
130,7
5535,7
141,7
5497,7
190,5
3515,4
3747,4
210,3
302,3
346,3
1074,3
1218,3
1230,3
1354,3
1555,3
1665,3
1678,3
1800,4
1824,4
1897,4
1902,4
1903,4
1909,4
1953,4
2170,8
2875,4
2878,4
2881,4
3576,4
3645,4
3670,4
3697,4
3751,4
3793,4
3941,3
5514,7
149,7
152,7
5507,7
5481,7
5512,7
5520,7
6728,7
4238,7
5462,7
164,4
179,4
200,4
2006,0
2276,1
3364,1
3406,1
3456,4
3469,4
3514,4
3602,4
3728,4
3731,4
3830,4
3930,1
5523,4
5545,4
6738,4
174,4
5550,7
5465,5
5468,5
5469,5
5478,5
5489,5
5521,5
5531,5
5546,5
5547,5
5548,5
1856,4
182,4
5461,7
5488,7
7252,7
469,3
534,3
599,3
1590,3
1613,3
1633,3
1636,3
1638,3
1701,3
1754,4
1759,3
1779,4
1885,4
1892,4
1904,4
1926,4
1941,4
1948,4
2179,8
2188,8
2206,8
2207,8
2223,8
2564,9
2650,9
2709,10
2789,9
2851,4
2874,4
2894,4
2895,4
2899,4
2902,4
2939,3
3093,8
3488,4
3520,4
3720,4
3722,4
3752,4
3861,4
3876,4
4029,11
4067,4
4237,7
5463,7
5511,7
5526,7
7275,4
7255,7
209,3
231,3
1335,3
1353,3
1386,3
211,3
216,3
220,3
221,3
227,3
230,3
234,12
235,3
237,12
238,12
242,3
243,12
244,12
246,13
280,13
287,3
344,3
1044,13
1084,13
1094,3
1128,8
1157,8
1229,3
1246,3
1264,3
1273,3
1320,3
1399,3
1423,3
1524,3
2072,8
2074,8
2177,8
2236,8
2241,8
2985,11
3998,3
5552,3
5553,3
6492,3
214,12
222,12
236,12
239,12
240,12
5555,12
245,13
253,13
273,13
883,13
886,13
897,13
970,13
4059,13
247,13
248,13
298,13
249,13
251,13
252,13
270,13
345,3
813,13
1050,13
1059,13
1063,13
1107,13
3682,4
3714,4
5556,13
1062,13
4162,13
260,13
261,13
262,13
263,13
267,13
275,13
276,13
6730,13
6972,13
264,13
268,13
269,13
286,3
490,3
492,3
521,3
523,3
1418,3
1739,3
5562,3
290,3
293,3
295,3
296,3
1154,8
1156,8
1435,3
1512,3
1551,3
1606,3
2176,8
5804,8
342,3
629,3
7447,3
351,3
352,3
353,3
415,3
491,3
495,3
669,3
687,3
738,3
951,13
1064,3
1066,3
1070,3
1075,3
1080,3
1120,13
1165,13
1190,3
1194,3
1208,3
1216,3
1253,3
1489,3
1509,3
1526,3
1529,3
1538,3
1561,3
1563,3
1569,3
1587,3
1626,3
1657,3
1737,3
1742,3
2997,8
3144,8
3953,3
3959,3
4161,13
4317,3
5673,3
5783,3
6780,3
304,3
441,3
535,3
657,3
680,3
691,3
699,3
1051,3
1054,3
1055,3
1056,3
1197,3
1209,3
1222,3
1225,3
1236,3
1247,3
1251,3
1252,3
1265,3
1323,3
1352,3
1356,3
1359,3
1439,3
1448,3
1458,3
1486,3
1501,3
1505,3
1506,3
1508,3
1515,3
1519,3
1525,3
1539,3
1545,3
1550,3
1553,3
1562,3
1567,3
1650,3
1745,3
3956,3
4309,3
6493,3
350,3
582,3
636,3
666,3
1200,3
1206,3
1321,3
1452,3
1520,3
1676,3
1682,3
1688,3
1706,3
2948,11
2954,3
2988,11
4053,3
338,3
347,3
339,3
348,3
388,3
410,3
608,3
665,3
668,3
772,3
893,3
994,3
1130,3
1132,3
1145,13
1226,3
1472,3
1528,3
1609,3
1610,3
1611,3
1612,3
1646,3
1652,3
1685,3
1689,3
1695,3
1696,3
1715,3
1721,3
1726,3
1735,3
1741,3
1762,4
2050,8
2057,8
2064,8
2082,8
2194,8
2235,8
2560,9
2621,9
2882,4
2901,4
2908,11
2910,11
2922,11
2942,11
2964,11
2975,11
2976,11
2979,11
2983,11
2990,11
3024,8
3043,8
3131,8
3141,8
3156,8
3179,1
3199,1
3205,1
3304,1
3370,1
3388,1
3885,1
3942,1
3973,3
3988,9
3989,8
3992,1
4057,3
4078,11
4091,3
4105,13
4118,11
4130,8
4274,11
4330,8
5803,3
341,3
349,3
382,3
4166,3
4208,3
4322,3
5559,3
671,3
1322,3
1462,3
499,3
517,3
552,3
1053,3
1057,3
1470,3
1663,3
371,3
373,3
596,3
797,13
1309,3
1546,3
1658,3
2987,11
3964,11
356,3
688,3
2941,3
498,3
458,3
645,3
664,3
355,3
601,3
1202,3
1203,3
1243,3
1517,3
7459,3
364,3
674,3
5592,3
1558,3
399,11
4198,3
416,3
417,3
428,3
429,3
432,3
433,3
435,3
437,3
438,3
439,3
446,3
448,3
453,3
462,3
463,3
743,3
1474,3
2949,11
4362,11
5560,3
460,3
455,3
728,3
465,3
514,3
1227,3
467,3
488,3
520,3
532,3
533,3
468,3
537,3
600,3
605,3
675,3
1102,13
1198,3
1213,3
1231,3
1340,3
4313,3
5591,3
472,3
481,3
547,3
597,3
1103,13
1276,3
1329,3
1460,3
1738,3
3007,8
4197,3
493,3
4347,14
1270,3
1360,3
4315,3
603,3
676,3
1438,3
1191,3
1196,3
1588,3
1662,3
2944,11
494,3
497,3
522,3
1361,3
1403,3
1415,3
1405,3
503,3
628,3
630,3
1005,13
1488,3
1881,4
734,3
907,13
1177,13
1187,13
1205,3
1220,3
1250,3
3626,4
3849,4
3858,4
508,3
510,3
515,3
529,15
5564,15
5566,15
5567,15
5568,15
5569,15
5571,15
530,3
531,3
541,3
5577,3
1367,3
3986,3
585,3
607,3
733,3
1193,3
1214,3
1268,3
1280,3
1289,3
1376,3
1531,3
579,9
2647,9
1078,3
1175,8
1180,13
1455,3
1476,3
1871,4
2559,9
2773,4
2896,4
2897,4
2916,11
3383,1
3386,1
3395,1
3473,4
4357,11
591,3
604,3
5563,3
612,3
618,3
619,3
638,3
742,3
3958,3
5595,3
631,16
635,16
641,16
663,16
4252,16
632,16
649,16
653,16
4325,16
4328,16
4350,16
634,16
662,16
640,16
652,16
4349,16
5580,16
5582,16
5584,16
5587,16
5590,16
647,3
651,3
659,3
4389,3
5586,3
637,16
4327,16
5589,16
642,3
655,3
656,3
658,16
660,3
4345,3
5585,3
646,16
5581,16
5588,16
5583,16
708,3
1541,3
2945,3
2947,3
2952,11
685,3
721,3
739,3
5593,3
693,3
698,3
714,3
703,3
705,3
707,3
731,3
709,3
711,3
715,3
718,3
5598,3
719,3
730,3
722,3
724,3
726,3
729,3
5599,3
6737,3
746,3
5594,3
5597,3
5952,8
794,13
799,13
800,13
820,13
838,13
6778,13
804,13
877,13
879,13
880,13
881,13
906,13
916,3
918,13
930,13
974,13
976,13
979,13
988,13
990,13
1004,13
1013,13
1016,13
1020,13
1038,13
1186,13
3351,0
888,13
999,13
890,13
891,13
894,3
917,3
3339,0
901,13
898,13
908,13
910,13
912,13
914,13
915,13
929,13
4119,8
923,13
921,13
920,13
922,13
927,13
932,13
933,13
937,13
941,13
943,13
5617,13
5629,13
931,13
935,13
5625,13
5619,13
939,13
942,13
946,13
948,13
5632,13
949,13
953,13
957,13
958,13
959,13
960,13
973,3
5630,13
5633,13
967,13
971,13
984,13
986,13
977,13
985,13
5637,13
995,3
3967,8
1001,13
1026,13
1028,13
1031,13
1036,13
1037,13
1042,13
1043,13
1027,13
1033,13
1035,13
1039,13
1041,13
1047,13
1048,13
6510,3
1052,3
5672,3
5674,13
7933,3
5659,3
6756,3
7429,13
1077,3
5670,3
1065,3
1068,3
1072,3
1534,3
5671,3
1330,3
5665,13
1104,13
1105,13
1106,13
5675,13
1109,13
1111,13
1112,13
1113,13
1114,13
1116,13
1118,13
1121,13
1173,13
3980,8
7417,13
1110,13
1117,13
1119,13
5601,13
1149,13
5687,13
1122,8
3974,8
3977,8
1126,8
2191,8
1127,8
1136,8
2059,8
2067,8
2096,8
2190,8
2239,8
3975,8
3976,8
5691,8
5702,8
1138,13
1140,13
1183,13
1141,13
1143,13
1144,13
1147,13
5694,13
7976,13
5692,13
5695,13
6773,13
7424,13
1152,8
1153,8
5696,8
1162,8
5697,8
5699,8
5805,8
1166,13
1169,8
5701,8
6768,8
3410,8
1176,13
1182,13
5706,13
5707,13
5708,13
1181,13
5703,13
5704,13
5709,13
2940,3
1223,3
7489,3
1767,4
1905,4
2443,9
2688,4
2715,10
2745,10
2771,9
2816,9
2890,4
1425,3
1262,3
1279,3
1278,3
1274,3
1324,3
1285,3
1313,3
1339,3
1344,3
1350,3
4264,3
5638,3
1602,11
1743,11
2359,1
3536,4
3570,4
6152,11
1412,3
1416,3
2774,4
1422,3
1446,3
1450,3
1451,3
1469,3
1480,3
1454,3
1456,3
1464,3
1459,3
1461,3
4190,3
1465,3
1468,3
4196,3
1475,3
1479,3
1500,3
1502,3
5713,3
1510,3
1511,3
1514,3
1651,3
1654,3
1536,3
1655,3
1675,3
6106,3
5794,3
1579,11
1582,3
1584,11
1746,3
2960,11
5806,3
1594,3
2965,11
1605,3
1679,3
1617,3
1625,3
1628,3
1629,3
5793,3
1627,3
1634,3
1639,3
1637,3
2531,9
2537,9
2578,9
2597,9
2610,9
1648,3
1649,3
1656,3
1659,3
1660,3
6107,3
5780,3
1691,3
1693,3
1694,3
1699,3
1722,3
1723,3
1724,3
1728,3
1729,3
2157,8
2162,8
2912,11
2992,11
3971,3
3987,3
4331,8
4367,11
5796,3
5798,3
5799,3
5800,3
6753,3
6782,3
6783,3
7453,3
1740,3
1753,4
1755,4
1764,4
1895,4
5807,4
3486,4
3678,4
5811,4
1772,4
1863,4
1771,4
1773,4
1774,4
1776,4
4125,4
5832,4
6774,4
1957,4
1782,4
3544,4
7302,4
1783,4
1825,4
1847,4
1850,4
1785,4
1786,4
1787,4
1789,4
1819,4
1853,4
1792,4
1804,4
1816,4
1820,4
1793,4
1794,4
1796,4
1797,4
1798,4
1818,4
1801,4
1802,4
1807,4
1854,4
3453,4
3687,4
3734,4
3748,4
3817,4
1808,4
1810,4
1834,4
1813,4
1814,4
1815,4
1821,4
1829,4
1830,4
1837,4
1842,4
1845,4
1846,4
1848,4
1851,4
1858,4
3621,4
5837,4
5854,4
1839,4
1831,4
1835,4
1855,4
3458,4
3585,4
3673,4
3717,4
3759,4
3825,4
1865,18
1869,18
5848,18
1867,18
5955,18
5957,18
7895,18
2551,9
2673,4
2710,10
2714,10
2749,10
2848,4
2868,4
1879,18
5847,18
5844,4
1884,18
5845,18
1887,18
1889,18
6732,18
6945,18
6731,18
1898,4
1899,4
1908,4
1912,4
1913,4
1914,4
1925,4
4314,4
1930,4
1934,4
1932,4
5859,4
1935,4
1937,4
1946,4
1943,4
1944,4
1949,4
1952,4
1950,4
1951,4
1956,4
5857,4
4279,4
6463,4
7287,4
7288,4
1958,0
1959,0
5861,0
4075,0
5862,0
5864,0
5865,0
1960,0
1963,0
1965,0
1968,0
1969,0
1997,0
2005,0
2009,0
2246,1
2252,0
1961,0
4077,0
4076,0
5885,0
1970,4
1971,0
1972,0
6926,0
7456,0
1975,0
1990,0
1977,0
1978,0
1979,0
1981,0
1993,0
1983,0
1986,0
1984,0
1985,0
1987,0
5890,0
5891,0
5892,0
1989,0
1991,0
1994,0
1995,0
1992,0
4242,0
5896,0
5897,0
5900,0
5901,0
5902,0
5904,0
5905,0
5908,0
5909,0
5911,0
5916,0
5918,0
1998,20
2001,20
1999,20
5920,20
2000,20
5919,20
2002,20
2004,20
5921,20
2011,0
2030,0
2042,0
3272,1
3321,0
3341,0
3359,0
5884,0
2031,0
2048,8
2051,8
2052,8
2053,8
7500,8
7501,8
2056,8
2219,8
3399,1
5922,8
7499,8
2234,8
3076,8
3125,8
3136,8
3137,8
3143,8
3153,8
4150,8
7490,8
2086,8
2089,8
2090,8
2060,8
2061,8
2062,8
2066,8
2075,8
6776,8
2068,8
2069,8
2076,8
2084,8
2081,8
2095,8
2104,8
2123,8
2131,8
2164,8
2167,8
2171,8
3069,8
3074,8
3275,1
5924,8
5925,8
5933,8
5936,8
5954,8
2093,8
3105,8
2097,8
2103,8
2109,8
2134,8
2106,8
2110,8
2114,8
2136,8
7546,8
2117,8
2142,8
2151,8
2166,8
5712,8
5927,8
5928,8
5930,8
5931,8
5932,8
5934,8
5935,8
6746,8
6747,8
6748,8
6749,8
6759,8
7547,8
2221,8
2172,8
5937,8
2237,8
2994,8
2202,8
3081,8
3152,8
2214,8
3017,8
3098,8
3382,1
5942,8
2229,8
3015,8
3135,8
5951,8
2192,8
2195,8
2203,8
2222,8
5939,8
2204,8
5949,8
2212,8
2217,8
2227,8
2215,8
5945,8
2233,8
5940,8
5943,8
5953,8
4206,1
2243,1
2244,1
2247,1
2372,1
2249,21
2254,21
2256,1
2258,1
2287,1
2305,1
4381,1
2251,21
2255,21
2257,21
2259,1
2264,1
2275,1
2262,1
2272,1
2278,1
3121,1
3269,1
3374,1
3385,1
3387,1
3390,1
3368,1
3376,1
3389,1
3391,1
3393,1
2308,1
2322,1
2326,1
2384,1
3034,1
3035,1
3239,22
3308,1
3369,1
3371,1
3372,1
3373,1
3375,1
3379,1
3384,1
3392,1
3394,1
3400,1
3404,1
3774,23
3928,1
3940,1
4108,1
4120,1
4140,1
4144,1
4149,1
4380,1
6347,1
2334,1
2347,1
2370,1
2927,11
2933,11
2934,11
3380,1
2280,1
2286,1
2299,1
2324,1
3943,1
5994,1
5999,1
6476,1
2288,1
2290,1
2291,1
2295,1
2313,1
2296,1
2297,1
2304,1
5997,1
2307,1
2316,1
2310,1
2311,1
2312,1
2327,1
2328,1
2330,1
2332,1
2333,1
2335,1
2336,1
2337,1
2340,1
2345,1
2346,1
2352,1
2378,1
2387,1
2390,1
3409,1
5996,1
5998,1
6001,1
2361,1
2365,1
2374,1
2380,1
2381,1
4189,1
6003,1
6005,1
6007,1
6008,1
2430,1
6389,1
2388,1
2396,1
2399,1
2400,1
2401,1
2404,1
2422,1
2423,1
2425,1
2429,1
2433,1
2435,1
3994,1
3999,0
4002,1
4090,1
4199,1
4200,1
4201,1
4202,1
4203,1
4204,1
5988,1
6011,1
6016,1
6018,1
6019,1
6020,1
6021,1
6022,1
6023,1
6024,1
6025,1
6026,1
6386,1
6733,1
6745,1
6791,1
6013,1
2440,9
2442,9
2599,9
2441,9
2452,9
2454,9
2455,9
2456,9
2458,9
2460,9
2461,9
2467,9
2468,9
2469,9
2470,9
2471,9
2474,9
2476,9
2477,9
2487,9
2488,9
2490,9
2491,9
2492,9
2496,9
2497,9
2501,9
2508,9
2509,9
2513,9
2517,9
2555,9
2699,9
4061,9
6777,9
2512,9
2495,9
2518,24
7369,24
2522,9
2590,9
2612,9
2524,9
2548,9
7367,9
2525,9
2538,9
2619,9
2526,9
2566,9
2584,9
2591,9
2616,9
2629,9
4092,9
7370,9
7532,9
2528,9
2570,9
2574,9
2587,9
2613,9
2615,9
2633,9
2635,9
6039,9
6735,9
6913,9
7364,9
7395,9
2545,9
2554,9
2562,9
2572,9
2575,9
2577,9
2604,9
2607,9
2609,9
2618,9
2623,9
2638,9
4209,9
4214,9
6034,9
7125,9
7373,9
7376,9
2533,9
2535,9
2581,9
2586,9
7380,9
2569,9
2595,9
2544,9
2539,9
6477,9
2543,9
6037,9
2547,9
7383,9
2550,9
2637,9
6073,9
7382,9
2549,9
2594,9
2624,9
2628,9
7372,9
7396,9
7398,9
7399,9
7530,9
7384,9
2556,9
7394,9
2576,9
2602,9
2636,9
4305,9
2582,9
7407,9
7397,9
2596,9
6040,9
2611,9
6069,9
2603,9
7381,9
2812,9
6036,9
2632,9
2641,9
2645,9
2649,9
2651,9
2762,9
2802,9
2642,9
2665,9
2662,9
4312,9
2656,9
2657,0
2664,9
6042,9
2670,4
2671,4
2672,4
6045,4
6046,4
2680,4
2683,4
2686,4
6047,4
6750,4
2759,9
2705,10
2706,10
6051,10
2708,10
2713,10
2729,10
2751,10
2752,10
7355,10
2712,10
2717,10
2718,10
2719,10
2724,10
2728,10
2731,10
2732,10
2733,10
2734,10
2738,10
2739,10
2741,10
2742,10
2746,10
2747,10
2748,10
2750,10
2753,10
2755,10
2756,10
6054,10
6055,10
7359,10
2711,10
2716,10
2722,10
2725,10
5477,10
6052,10
5476,10
2743,10
6053,10
7358,10
2767,9
2768,9
2769,9
2761,9
6058,9
7317,9
2765,9
2772,9
4247,9
6056,9
6060,9
2781,9
2801,9
2806,9
2785,9
2804,9
2786,9
2787,9
2788,9
2796,9
2807,9
2809,9
6066,9
6067,9
2792,9
2810,9
2808,9
2821,4
2850,4
2856,4
2822,4
2824,4
2830,4
2844,4
2852,4
2861,4
6072,4
2877,4
2891,4
2893,4
2900,4
2903,4
2907,4
4146,4
6079,4
2905,4
4304,4
2879,4
6460,4
2883,4
2884,4
6080,4
6788,4
2885,4
2888,4
2889,4
2898,4
4249,4
2914,11
2917,11
2918,11
2920,11
4358,11
4375,11
6083,11
6086,11
6088,11
6085,11
2913,11
2937,11
4374,11
2962,11
2966,11
2974,11
6089,11
2923,11
2926,11
2930,11
2938,11
6093,11
6094,11
6095,11
6490,11
2932,11
3200,1
7479,11
6755,11
7478,11
2955,11
2957,11
3377,1
2935,11
3366,1
2936,11
6924,11
2972,11
6103,3
6105,3
7863,3
2958,11
2968,11
2973,11
2980,11
2981,11
2989,11
2991,11
3769,11
4111,11
4352,11
4364,11
6111,11
6147,11
6149,11
6150,11
6153,11
6158,11
6160,11
6165,11
6485,11
2956,11
2961,11
2963,11
3965,11
2967,11
2969,11
6121,11
6138,11
4297,11
6143,11
6148,11
6151,11
6154,11
4371,11
6734,11
7041,11
4363,11
4368,11
4369,11
6097,11
6102,11
6123,11
6124,11
6140,11
6142,11
6990,11
4370,11
6159,11
2996,8
2999,8
3001,8
3008,8
3010,8
3019,8
3020,8
3023,8
3063,8
3066,8
3089,8
3112,8
6761,8
3002,8
3009,8
3012,8
3084,8
3042,8
3022,8
3097,8
6169,8
7561,8
3120,1
3115,1
3116,1
3196,1
3038,8
3050,8
3055,8
6173,8
3039,8
3040,8
3155,8
3048,22
3053,8
3061,8
3146,8
6172,8
6174,8
6443,8
6175,8
3056,8
3068,8
3071,8
3177,1
3279,1
4030,1
4148,1
4302,1
6351,1
6354,1
6357,1
6390,1
6392,1
6393,1
3080,8
3085,8
3092,8
3094,8
3100,8
3101,8
3103,8
3104,8
3106,8
3931,1
3118,1
4081,1
4142,1
4143,1
3122,8
3127,8
3128,8
3129,8
4097,1
4172,8
4175,8
4177,8
4183,8
4188,8
6179,8
6180,8
6182,8
3130,8
3151,8
3142,8
4235,8
6183,8
6184,8
6185,8
3157,1
3170,1
3181,1
3182,1
3183,1
3184,1
3186,1
3932,1
3933,1
3936,1
3937,1
4000,1
4131,1
4132,1
4133,1
6186,1
3161,1
3163,1
3939,1
3173,1
3174,1
3408,1
4135,1
4153,1
6187,1
6194,1
4082,1
4154,1
4157,1
4158,1
6191,1
6192,1
6193,1
6195,1
4155,1
4168,1
6188,1
6190,1
3213,22
3215,22
3220,22
3222,22
3227,22
3236,22
3237,22
3217,22
3224,22
4001,22
4152,22
6196,22
6787,22
3223,22
6197,22
6200,22
3232,22
3235,22
6198,22
6199,22
3240,1
3241,1
3243,1
3244,1
3247,1
3249,1
3250,1
3253,1
3256,1
3890,1
3919,1
3246,1
6212,1
3261,25
3260,25
3262,1
3263,1
3266,1
3267,1
3303,1
3270,1
3271,1
4141,1
3273,1
3903,1
3278,1
3284,1
3287,1
3288,1
3289,1
3294,1
3894,1
3898,1
3901,1
3904,1
3905,1
3908,1
3911,1
3923,1
3929,1
6223,1
3896,1
3282,1
3910,1
3296,1
3298,1
3299,1
3300,1
3302,1
3305,1
3307,1
3310,0
3407,1
4013,1
3318,0
3319,0
3324,0
3326,0
3328,0
3329,0
3330,0
3332,0
3336,0
3337,0
3345,0
3349,0
3355,0
3356,0
3362,0
4319,0
4320,0
6242,0
6269,0
6300,0
6308,0
7128,0
4010,0
6237,0
6260,0
6281,0
6286,0
6309,0
6319,0
3323,0
6322,0
6248,0
6262,0
6276,0
3325,0
6275,0
6289,0
6321,0
3333,0
3363,0
3334,0
6267,0
3346,0
4291,0
6271,0
6278,0
6294,0
6298,0
6303,0
6338,0
4051,0
6241,0
6253,0
6256,0
6312,0
6318,0
6334,0
3348,0
3347,0
6268,0
3353,0
6235,0
6266,0
6310,0
6315,0
3358,0
3360,0
4052,0
6249,0
6252,0
6261,0
6287,0
6302,0
6307,0
6317,0
6320,0
6793,0
6794,0
6808,0
4033,1
4085,1
4109,1
4110,1
4301,1
4334,1
5475,1
6342,1
6343,1
6344,1
6345,1
6346,1
6348,1
6349,1
6350,1
6352,1
6353,1
6355,1
6356,1
6360,1
6361,1
6366,1
6367,1
6368,1
6379,1
6380,1
6381,1
6383,1
6384,1
6387,1
6388,1
6391,1
6394,1
6395,1
6397,1
6398,1
6399,1
6400,1
6401,1
6403,1
6411,1
6413,1
6414,1
6427,1
6428,1
6430,1
6431,1
6433,1
6434,1
6772,1
6944,1
6954,1
6955,1
7898,1
6341,1
7503,1
6359,1
6385,1
7508,1
7519,1
6382,1
6743,1
6358,1
4308,1
6407,1
6432,1
4054,1
4055,1
6375,1
6376,1
6377,1
6378,1
7505,1
7506,1
7527,1
7528,1
7862,1
7504,1
6963,1
3396,1
6396,1
6402,1
3397,1
3398,1
6404,1
6406,1
6408,1
6409,1
6752,1
6946,1
6410,1
6943,1
6412,1
6429,1
3415,4
3417,23
3832,23
6712,23
6839,23
3420,23
7105,23
7114,23
7118,23
3423,23
5965,23
3426,23
7247,23
3429,23
3430,23
3599,23
3442,4
6505,4
3445,4
3446,4
3743,4
3517,4
3524,4
3582,4
3608,4
3611,4
3633,4
3701,4
3712,4
3820,4
3864,4
4026,4
4112,4
4265,4
4278,4
5749,4
5767,4
5770,4
6456,4
3467,4
3495,4
3566,4
3644,4
3777,4
3807,4
3867,4
4019,4
4099,4
3454,4
3545,4
3705,4
3457,4
3461,4
3502,4
3591,4
3690,4
3863,4
5771,4
3459,4
3460,23
3794,23
6767,23
7100,23
7103,23
3559,4
3636,4
3641,4
3660,4
3811,4
3855,4
4011,4
4014,4
4124,4
7078,4
3463,4
3676,4
3696,4
4017,4
5741,4
4009,4
4021,4
4063,4
4101,4
4216,4
4292,4
4348,4
4356,4
6133,4
3685,4
3745,4
4018,4
4041,4
4359,4
3491,4
5761,4
7068,4
3492,23
3808,23
3856,23
4147,23
5960,23
5961,23
5963,23
6803,23
7135,23
7136,23
7137,23
7138,23
7141,23
7142,23
7243,23
3497,4
5733,4
3498,4
3652,4
3829,4
3840,4
5737,4
3527,4
3531,23
7160,23
7162,23
7163,23
7164,23
7166,23
7167,23
7168,23
7171,23
3542,4
3589,4
3613,4
3630,4
3661,4
3771,4
3857,4
3946,4
4034,4
4285,4
4355,4
5742,4
5747,4
3546,4
3826,4
3558,4
3560,4
3561,4
3873,4
3564,4
3580,4
3744,4
3806,4
7669,4
3571,23
3726,4
3578,4
3819,4
4100,4
3598,4
4385,23
5964,23
6716,23
7087,23
7093,23
7095,23
7098,23
7099,23
7201,23
7213,23
3604,4
5752,4
3609,4
3610,23
3615,23
3693,23
6715,23
6723,23
6724,23
7088,23
7184,23
7186,23
7188,23
7190,23
7193,23
7194,23
3616,27
7310,27
3729,4
3881,4
4008,4
4016,4
4028,4
4038,4
4040,4
4043,4
4046,4
4072,4
4116,4
3620,23
3622,4
3627,4
3628,23
3653,4
4039,4
4047,4
4128,4
3875,4
4089,4
3659,4
7064,4
7066,4
3664,23
3665,4
4113,4
3671,4
7056,4
4042,4
5726,4
5728,4
5744,4
5774,4
6825,4
3698,4
3862,4
3950,4
4037,4
6962,4
7827,4
3691,4
6719,23
6721,23
6725,23
7117,23
7177,23
7178,23
7179,23
7181,23
7182,23
4007,4
3796,4
3851,4
5989,4
3711,4
6883,4
7086,4
3724,4
5731,4
7082,4
7121,4
6132,4
3804,4
4084,4
4296,4
4338,4
4341,4
5723,4
5740,4
5746,4
5748,4
5769,4
6129,4
6881,4
7014,4
7067,4
7073,4
7074,4
7076,4
3764,23
6717,23
6722,23
7108,23
7208,23
3854,23
3865,23
5959,23
5967,23
6718,23
6742,23
3805,4
5969,23
7144,23
7145,23
7146,23
7147,23
7148,23
7150,23
7237,23
7106,23
7107,23
7112,23
7113,23
7115,23
7116,23
7242,23
7246,23
3838,4
3845,4
3846,4
5751,4
6739,4
3860,23
4083,4
4287,4
3872,4
3880,4
3948,4
4020,4
4087,4
4103,4
4127,4
4257,4
4263,4
5772,4
7122,4
3938,1
6231,1
3913,1
3916,1
6204,1
3920,1
6209,1
6233,1
3921,1
3924,1
3927,1
4086,1
4191,3
4192,3
4193,3
4194,3
4195,3
5787,3
3966,8
3968,8
3972,3
3984,8
3978,8
3979,8
3996,2
5441,2
5448,2
5449,2
6236,0
6270,0
6296,0
6297,0
6316,0
4223,4
6135,4
7065,4
7070,4
7071,4
6098,11
6119,11
6122,11
6125,11
6137,11
6146,11
6156,11
6161,11
6162,11
6163,11
6164,11
6466,11
7563,11
5688,13
5693,13
4060,13
5404,0
5405,0
5407,0
5409,0
5410,0
5411,0
5412,0
5414,0
5415,0
5416,0
5417,0
5418,0
6064,0
6758,0
6919,0
7615,0
7616,0
7617,0
7618,0
7620,0
5889,0
7946,0
7534,9
7932,1
4106,28
4107,28
4219,4
5758,4
5914,0
5917,0
7642,2
7029,4
5755,4
4326,16
5573,14
4353,11
6110,11
6113,11
7480,11
4365,11
6112,11
7094,23
5406,0
5982,0
5980,0
5444,2
5446,2
5455,4
5457,4
5492,7
5466,5
5467,5
5471,5
5544,5
5472,7
5473,7
5474,7
6789,7
5499,7
5508,7
5482,5
5522,5
5543,5
5510,5
5502,7
5515,7
5529,7
7253,7
5501,7
5504,7
5506,7
5539,7
5532,5
7498,14
5596,3
5604,13
5616,13
5621,13
5618,13
7430,13
5642,26
5645,26
7634,26
5680,13
5682,13
5686,13
5734,19
4058,19
5739,4
5745,6
7063,6
5777,4
5809,4
5840,18
5842,18
5893,0
5894,0
5895,0
5906,0
5910,0
5898,0
5899,0
5903,0
6771,0
5912,0
5915,0
5941,8
7214,23
7215,23
3027,8
7562,8
6240,0
6243,0
6333,0
6245,0
6304,0
6258,0
6325,0
6329,0
6265,0
7577,0
6295,0
7457,1
6363,1
7894,1
6405,1
6448,17
6449,17
7111,23
3413,23
6729,23
6740,10
6764,23
7101,23
7104,23
6779,26
6792,0
6960,23
6979,0
6981,0
7001,4
7054,4
7075,4
7083,4
7207,23
7191,23
7192,23
7206,23
7212,23
7217,23
7096,23
7110,23
7236,23
7180,23
7205,23
7151,23
7165,23
7183,23
7187,23
7185,23
7218,23
7152,23
7356,10
7368,9
7375,9
